word,emotion,score
about,anger,0.0012652364850235327
abt,anger,0.0005356623312869247
act,anger,0.000357621187455002
again,anger,0.0008802983075815441
aggravate,anger,0.0031382510660033017
aggravated,anger,0.003638881541246287
agitate,anger,0.010456615929885178
agitated,anger,0.004047314464484924
ago,anger,0.0004533179681721257
aint,anger,0.0005252561190745348
allow,anger,0.0006665953751459043
alone,anger,0.00017881059372750103
always,anger,0.0010398677584898476
anatomy,anger,0.00046479437242965107
and,anger,0.00553351790630988
anger,anger,0.0026873820793819605
angered,anger,0.0010685269469427865
angry,anger,0.015911969244001182
annoy,anger,0.012251088584487244
annoyed,anger,0.005688701583232236
anxious,anger,0.0005029047948585966
appal,anger,0.0036774232073907382
appalled,anger,0.0005361147487772382
appearance,anger,0.0004660402804843453
around,anger,0.0008647723785676596
artist,anger,0.0001609295343547508
at,anger,0.003207966824222831
atleast,anger,0.000477911950508048
aubrey,anger,0.0004881732402617283
back,anger,0.0008127754260340954
backpack,anger,0.0005048769705247089
basks,anger,0.00021944936502920584
battle,anger,0.0005056860682338829
be,anger,0.005108178944202688
because,anger,0.0008577193091814601
begin,anger,0.0009694706626048304
bit,anger,0.0004063877130170477
bitchy,anger,0.019111245040081912
bitter,anger,0.01922886778170554
bother,anger,0.020013213797413575
but,anger,0.0012981649104616573
butchery,anger,0.0005019652142439156
can,anger,0.0008246323851903574
care,anger,0.0005252561190745348
close,anger,0.0008940529686375051
cold,anger,0.015893643862525432
confrontation,anger,0.0005360242194375663
coping,anger,0.0005233480792024422
core,anger,0.0004866035750929815
could,anger,0.0002682158905912515
cranky,anger,0.019259167952428723
curious,anger,0.0009221517762232554
dangerous,anger,0.021249580768295258
dealt,anger,0.0005342525836272976
definitely,anger,0.000357621187455002
despise,anger,0.002350999943070151
despised,anger,0.001069608634359312
devastate,anger,0.00047682824994000266
didnt,anger,0.0007707353177909528
disagreement,anger,0.0002681705761984953
discontent,anger,0.0005288764039827494
disgust,anger,0.013439428103700177
disgusted,anger,0.003672529763336024
disillusioned,anger,0.0005056860682338829
dissatisfied,anger,0.010831141520281
dissatisfy,anger,0.012923243065569346
distract,anger,0.01535761906678568
distracted,anger,0.0026901849810512
disturb,anger,0.0008159409724302284
do,anger,0.0012829303113403477
don,anger,0.0005302658986401742
dont,anger,0.0004866035750929815
drape,anger,0.000357621187455002
dream,anger,0.0005333845859285285
enrage,anger,0.002684583555942634
enraged,anger,0.0016021151063416042
enthusiast,anger,0.0005065691335068692
envious,anger,0.015111037055443076
even,anger,0.0014788119373139274
extent,anger,0.0005031425749034472
feel,anger,0.010876335933228046
feeling,anger,0.013519930039269457
felt,anger,0.0009922896433268644
ferocious,anger,0.001600496058772799
find,anger,0.0008960849072025901
foolish,anger,0.0005250183390296844
for,anger,0.003996399386725453
forgotten,anger,0.0005215308983718781
frankly,anger,0.00046858122045990796
frantic,anger,0.0008926596393357325
frequently,anger,0.0004953120416511595
friend,anger,0.00215549109793661
frustrate,anger,0.00870591804332953
frustrated,anger,0.0056413878477516
fuck,anger,0.014536102888335595
fucked,anger,0.0031354542585173947
furious,anger,0.0060871200602670705
get,anger,0.0006186013943754627
go,anger,0.0004965432641202145
goddamn,anger,0.0005351227018417067
goth,anger,0.0005245110749340034
greedy,anger,0.023366798395110574
grouchy,anger,0.011252554552647138
group,anger,0.0007946378515841866
grumpy,anger,0.014280555616364675
guitar,anger,0.0005226771201265409
handle,anger,0.0004201376732319107
happen,anger,0.0006902884494044626
hat,anger,0.010281694063522058
hated,anger,0.003307361615228686
hateful,anger,0.010797528159659644
have,anger,0.004360457006480815
he,anger,0.0005233480792024422
heartless,anger,0.010370317587855905
help,anger,0.000506630015561253
her,anger,0.0017137910666944081
highly,anger,0.000484681891703721
honor,anger,0.0005239566234805848
hostile,anger,0.013682938616279004
hurt,anger,0.0007210104585786329
husband,anger,0.00043541540680397975
idea,anger,0.00044565101821315736
ideal,anger,0.0005191275301766155
if,anger,0.00043169986199925243
im,anger,0.005697997327688303
impatient,anger,0.015389845714743796
impolite,anger,0.001599687455173149
in,anger,0.002188484060431413
infuriate,anger,0.0010699695618555723
infuriated,anger,0.0005358432295363885
insecure,anger,0.0005236595959162528
insincere,anger,0.0010692478894572747
insult,anger,0.0171925761215113
insulted,anger,0.0051101219658707345
irate,anger,0.0031326611881369428
irritable,anger,0.025766345656178025
irritate,anger,0.008995464349328963
irritated,anger,0.011777021706623963
it,anger,0.0029651427582550374
jacynthe,anger,0.0003448490021887519
jealous,anger,0.016577467300390968
just,anger,0.0005210170748266844
keep,anger,0.0007574657167901918
know,anger,0.0011960574831270956
lay,anger,0.0005201762726618208
learn,anger,0.0005247702207220134
less,anger,0.0004597986695850027
life,anger,0.000762925199904004
like,anger,0.0041540882290537024
listen,anger,0.0004944634341483101
little,anger,0.0014308058611288792
loathe,anger,0.00041607849694283883
lock,anger,0.00026807997803093484
lonely,anger,0.000357621187455002
longer,anger,0.000500140413322376
low,anger,0.00044373952487523216
luxury,anger,0.00048035704364908613
mad,anger,0.013753800617112297
man,anger,0.0004685411279490673
martin,anger,0.0004933400390004248
me,anger,0.00047682824994000266
melancholy,anger,0.00046858122045990796
miss,anger,0.00044702648431875253
mix,anger,0.000525913510963239
more,anger,0.0005190279243361853
much,anger,0.0004597986695850027
my,anger,0.005488952646867038
needy,anger,0.0005245110749340034
news,anger,0.0004703496052397309
no,anger,0.0009262167317816797
not,anger,0.0019612876251557864
nothing,anger,0.0004023238358868773
now,anger,0.0009288862011818233
obnoxious,anger,0.008432434125789331
of,anger,0.0018600796020370337
offend,anger,0.018125930631954758
offended,anger,0.004626554307060886
once,anger,0.0005125337574618006
only,anger,0.0006386092633125036
oppress,anger,0.0005352104862358538
or,anger,0.0015812358349933486
out,anger,0.000357621187455002
outrage,anger,0.008034518642533057
outraged,anger,0.0005354815246278165
over,anger,0.001021431512825221
overwhelmed,anger,0.0007667818989844018
own,anger,0.0007383590794588942
peak,anger,0.00019158277899375116
pediatric,anger,0.0005353911556252835
people,anger,0.0005017062455890462
person,anger,0.0009564194512962942
personality,anger,0.000508198529541319
personally,anger,0.0005120485184014804
petty,anger,0.01796832106536495
philosopher,anger,0.0004597986695850027
physic,anger,0.00047671217685092297
piss,anger,0.018750163599990034
pissed,anger,0.001068887327026469
place,anger,0.0004515419033522755
pressure,anger,0.0009601883937148003
problem,anger,0.0005106172427966713
projection,anger,0.000507868530496162
provocation,anger,0.0005141853927610068
quarrel,anger,0.00044226143236305183
questionnaire,anger,0.0005355719165126397
realize,anger,0.0005276378175565596
rebellious,anger,0.018576533814745503
refocus,anger,0.0004637037697084818
relationship,anger,0.0005283040269221612
resentful,anger,0.022729290341723198
rotten,anger,0.000529279357433402
rude,anger,0.019177935593199892
rural,anger,0.0005351201858327839
rush,anger,0.01342553973966597
rushed,anger,0.004150071495955718
sarcastic,anger,0.006745909218459808
savage,anger,0.003129871848204995
seek,anger,0.00044513319567928404
selfish,anger,0.018252798617972747
separate,anger,0.000357621187455002
shaky,anger,0.0005044648260589738
sham,anger,0.000477911950508048
show,anger,0.0010564520218363743
single,anger,0.0005254841938114317
sit,anger,0.0003650716288603144
smack,anger,0.0005353008094971448
snobbish,anger,0.002189052334422491
so,anger,0.0006294132899208035
solondz,anger,0.0004984267420975638
somehow,anger,0.00042914542494600235
something,anger,0.0010689763755448432
sometimes,anger,0.0004597986695850027
sonia,anger,0.0005131086602615248
spat,anger,0.0005357527689588905
spiteful,anger,0.006097705588956987
spouse,anger,0.0004890943113145822
stagger,anger,0.0005359337130265546
start,anger,0.00042914542494600235
strange,anger,0.0006869719253088184
stress,anger,0.003692621534830589
stressed,anger,0.0026644445522547963
stubborn,anger,0.014350258156536328
such,anger,0.0011903953872383103
sun,anger,0.000357621187455002
supportive,anger,0.000357621187455002
system,anger,0.0005182144009438087
take,anger,0.0012056983631962919
tape,anger,0.0005108874106500031
tend,anger,0.0006185340080093963
tension,anger,0.0005273397170946643
thankfully,anger,0.0002679894257665572
that,anger,0.005445712370975409
the,anger,0.005473976855829644
their,anger,0.0004597986695850027
there,anger,0.0011713957838546734
these,anger,0.000927808029698309
think,anger,0.0020263563162800586
this,anger,0.0013483868827927987
those,anger,0.0004079704862151142
time,anger,0.0010775079933709152
tire,anger,0.0005172735032831279
to,anger,0.004861149474302135
todd,anger,0.0004738950613504319
too,anger,0.0004981152253837529
torture,anger,0.005655007466993907
tortured,anger,0.0032422520161958725
trigger,anger,0.000500669662437003
trouble,anger,0.000525913510963239
two,anger,0.00046330189754374533
unimportant,anger,0.0005239566234805848
unkind,anger,0.002348197588970249
up,anger,0.0030260560587216266
ve,anger,0.0003950088570525703
very,anger,0.0011422986039155455
vicious,anger,0.004620477396850636
vile,anger,0.0031270862320828376
violent,anger,0.01950951236203193
walk,anger,0.00044428325348553184
want,anger,0.0010042420942526981
watch,anger,0.000506630015561253
way,anger,0.0008481134880355769
weather,anger,0.0005266784760700938
weight,anger,0.000525913510963239
when,anger,0.001109153761847476
whereas,anger,0.00048260614327473426
while,anger,0.00024675861934395126
will,anger,0.0006731692940329452
wish,anger,0.0008134464434716639
with,anger,0.0012919065396811951
without,anger,0.0022877125331989536
work,anger,0.0012180670000260755
worry,anger,0.000500140413322376
would,anger,0.0012586116510340695
wrong,anger,0.012858196229376112
wronged,anger,0.0016013052756225239
yall,anger,0.0005359949474844691
year,anger,0.000357621187455002
yet,anger,0.000357621187455002
youth,anger,0.0003448490021887519
ability,fear,0.0005599772545196077
abuse,fear,0.0005617984250963858
admit,fear,0.00029463725936376543
adolescence,fear,0.0005276759797671128
afraid,fear,0.01883342199267998
after,fear,0.0016735197308663874
agitate,fear,0.009530477711462641
agitated,fear,0.0020081789931424695
alarm,fear,0.0030616200722752
alarmed,fear,0.0023235480174627786
all,fear,0.003586705402317953
always,fear,0.0006857012581556726
an,fear,0.0003928496791516873
and,fear,0.007910431382688541
anna,fear,0.0005263616353271528
annoy,fear,0.0005134148545101185
another,fear,0.0006722640134483247
anxious,fear,0.02020694289668774
apprehensive,fear,0.02670811436088535
apt,fear,0.0005877427149870787
artist,fear,0.00021045518525983256
assault,fear,0.005771954445852379
at,fear,0.0018094508952850041
baby,fear,0.0004632519494588464
back,fear,0.001299361474296454
bad,fear,0.0011896559101154211
bashful,fear,0.0051715267761137775
be,fear,0.0014937702908157313
beam,fear,0.0005869572544704248
beautiful,fear,0.0004829647983719881
because,fear,0.0006060629665545247
bed,fear,0.0004910620989396091
begin,fear,0.0006545480038788881
behave,fear,0.0005598107927911542
bit,fear,0.002095942142486237
bite,fear,0.0007766433941796551
blog,fear,0.0003928496791516873
broken,fear,0.0005313091477016804
but,fear,0.0006166402084517194
by,fear,0.0022407889840133834
can,fear,0.0005534470288559156
car,fear,0.0005729057820962108
category,fear,0.00028124465666541236
caught,fear,0.0005856516481676734
cinema,fear,0.0002938925917598848
closure,fear,0.0005867829215205161
clothes,fear,0.0009506962235470837
come,fear,7.361542102182642e-05
confuse,fear,0.006014164662455369
confused,fear,0.006838131646409985
control,fear,0.0005745846268789114
core,fear,0.00046623917965255235
correctly,fear,0.0005878300856899068
cottage,fear,0.0005881797633926296
crake,fear,0.000586173367438931
crappy,fear,0.0005604548086586155
crochet,fear,0.0004714196149820246
cycle,fear,0.0005880048855510494
dam,fear,0.0005854778965205102
damn,fear,0.0005761795294224752
dark,fear,0.0008689233575045113
day,fear,0.0005927821051485282
decision,fear,0.00029463725936376543
defeat,fear,0.0005682290002015476
deodorant,fear,0.0002357098074910125
depressant,fear,0.0005156152038865896
depressed,fear,0.0012042649313251668
deranged,fear,0.0005873061535262716
difficult,fear,0.0005451819498437244
disconnect,fear,0.000550287164205659
distraught,fear,0.01341850391866578
distress,fear,0.00408494226757657
distressed,fear,0.010494412228617925
do,fear,0.002021218584633545
don,fear,0.0005719429152355446
doubtful,fear,0.012577671465763546
down,fear,0.001608616337249182
drain,fear,0.0005758819160291777
dream,fear,0.0005903905689523926
drive,fear,0.0005853910496916659
easily,fear,0.0005246389945935991
emotion,fear,0.0010437681634907863
etc,fear,0.0005391879670752514
even,fear,0.0008478376008230399
exam,fear,0.0005871316651238018
examination,fear,0.0005882672315710804
excessive,fear,0.0005866957841691859
excite,fear,0.001069949848367196
excitement,fear,0.00044472187148049137
exciting,fear,0.0005511282455345408
extremely,fear,0.0005749019694902743
fall,fear,0.00048745134821211183
fearful,fear,0.016686100566803364
feel,fear,0.003964190770875006
feeling,fear,0.00920434381007542
felt,fear,0.0018671667709605584
filmmaker,fear,0.0005868700782852839
first,fear,0.0005445123197088056
for,fear,0.002358782679023123
forgive,fear,0.00047534811177354187
frantic,fear,0.01742218933198316
fraser,fear,0.0005855647626771249
friend,fear,0.000707129422473037
frighten,fear,0.01387322164188583
frightened,fear,0.004648059401696046
from,fear,0.0012221990018052497
get,fear,0.0009377270445740183
giggle,fear,0.00029415509350469573
go,fear,0.0013267864943490978
good,fear,0.0004887755570155
graduation,fear,0.00029406755385966333
hat,fear,0.0005787517594645396
hateful,fear,0.0005391879670752514
have,fear,0.00238577637001156
he,fear,0.0005156152038865896
head,fear,0.0011531355811218013
helpless,fear,0.009021396958482118
here,fear,0.000424624285553662
hesitant,fear,0.021247837968250187
him,fear,0.0005761795294224752
himself,fear,0.0005792868150202849
hopeless,fear,0.0013444461303087191
hospital,fear,0.000585738552997452
if,fear,0.0007613365875032684
ill,fear,0.00041325745469203445
illness,fear,0.0005666101141610878
im,fear,0.004402812959927672
immensely,fear,0.0005689547077369259
in,fear,0.0018316421801451812
indecisive,fear,0.0125026198943348
individual,fear,0.0005439457095946437
inhibit,fear,0.0012130907860299727
inhibited,fear,0.0017536076835910062
insecure,fear,0.021155000340029647
intimidate,fear,0.019712273588852258
intimidated,fear,0.005164739005808595
it,fear,0.004502626253569539
ive,fear,0.0007856993583033745
job,fear,0.0002690166281147425
jumpy,fear,0.0005070731993083961
just,fear,0.0020381617463230747
jz,fear,0.0005729057820962108
know,fear,0.0012167256520434712
lately,fear,0.0007670402592936039
least,fear,0.0005800671043724132
leave,fear,0.0009274954051096451
lethargic,fear,0.0005729057820962108
life,fear,0.0015225782155703577
like,fear,0.002124682153997554
little,fear,0.0023034408453237103
ll,fear,0.0005039632678664208
lose,fear,0.0011528014571322832
lot,fear,0.0013834334074933274
make,fear,0.001363010462949485
manicure,fear,0.0005872188996032239
me,fear,0.0026409660847545
middle,fear,0.0005865215676865425
moody,fear,0.00037744380938103256
more,fear,0.001142102508616264
mother,fear,0.0004789024660134853
much,fear,0.000505092444623598
multitude,fear,0.00025997405237979316
my,fear,0.0017652343196609113
myself,fear,0.003013790429005422
nauseous,fear,0.000505092444623598
nearby,fear,0.000587393426897637
nearly,fear,0.0006500237149455947
nervous,fear,0.024443682180852848
netflix,fear,0.0004742256841188225
neurotic,fear,0.007371244075567273
never,fear,0.0005584446801850818
nightmare,fear,0.0005862603884253694
no,fear,0.0004410943765913684
not,fear,0.0043092057421182045
now,fear,0.0006883053753470183
of,fear,0.002707741929337851
off,fear,0.0009362917353115214
on,fear,0.002717730878087439
one,fear,0.0003928496791516873
or,fear,0.00319825392250223
overwhelm,fear,0.01046683583754701
overwhelmed,fear,0.004188094988960008
own,fear,0.00043878287240634576
pain,fear,0.00073130478734391
paranoid,fear,0.02413040139866916
perhaps,fear,0.00019611789970838954
petrified,fear,0.0028982852993995984
petrify,fear,0.0023249173275279324
physical,fear,0.0005237995722022497
post,fear,0.0008488359138813245
presentation,fear,0.0005787517594645396
pressure,fear,0.015401962925045313
pressured,fear,0.008455753324909977
push,fear,0.0004657169583491775
quite,fear,0.0005378049083573906
rank,fear,0.000585130625115431
reason,fear,0.0005737672945504901
recless,fear,0.0005852174139946616
relationship,fear,0.0005156152038865896
relative,fear,0.0010449217917812548
reluctant,fear,0.026244218984258678
remember,fear,0.0007307217537481795
renovation,fear,0.0005859124206984953
resentful,fear,0.0010048681266722106
resort,fear,0.0002553522914485969
restless,fear,0.014868379824583777
roast,fear,0.000550287164205659
rumour,fear,0.0005863474287918242
run,fear,0.0005431719603633572
say,fear,0.0016950088037134975
scar,fear,0.020057251966134115
scared,fear,0.0017989522395587783
sceptical,fear,0.0011675870704943305
sec,fear,0.0003928496791516873
secretly,fear,0.000586434488543956
seem,fear,0.0009217575409403728
sense,fear,0.0006741581101156623
sexual,fear,0.00029398005328604544
shake,fear,0.01567628320391004
shaken,fear,0.00628560725140204
shaky,fear,0.021571465472417096
shy,fear,0.018785763192276206
sister,fear,0.0001471870005228226
sit,fear,0.0008931097165482776
situation,fear,0.0005524448613070602
six,fear,0.0005874807197237617
skeptical,fear,0.016743409731465254
sky,fear,0.00039698493893223076
slightly,fear,0.0005471834816755645
slope,fear,0.0005870444500815454
small,fear,0.0005582600703734506
snake,fear,0.0005880923147217022
so,fear,0.0023893304402170397
somehow,fear,0.0004545832001612382
something,fear,0.0005471834816755645
start,fear,0.0005599772545196077
startle,fear,0.003521454592756362
startled,fear,0.00174791192970478
still,fear,0.00017678235561825915
strange,fear,0.01977883095487497
street,fear,0.0005582600703734506
stress,fear,0.0024672669477415077
student,fear,0.0002938051692593292
suddenly,fear,0.0006205513970292215
surgery,fear,0.00047231763855918685
suspicious,fear,0.014918387049961441
sweden,fear,0.0005853042221852577
teacher,fear,0.0004967647555724561
teenage,fear,0.0005860863658255083
terrified,fear,0.012000180235812648
terrify,fear,0.02040764184030566
test,fear,0.00019620552405895617
than,fear,0.0005263616353271528
that,fear,0.0019046790172438824
the,fear,0.0016137744273392607
there,fear,0.0013048590705732881
thief,fear,0.0005875680320101998
thing,fear,0.00043392032742663633
think,fear,0.0003928496791516873
this,fear,0.0013284786619487247
threaten,fear,0.01703872368719439
threatened,fear,0.0034635771557041074
thug,fear,0.0005866086662269906
tightly,fear,0.0005209104088693101
time,fear,0.002337731599755866
timid,fear,0.006270706601145428
to,fear,0.003971999116281758
today,fear,0.00035075864209972073
tonight,fear,0.000535704107934119
torture,fear,0.008451968969887062
tortured,fear,0.002589116892595671
traction,fear,0.0003928496791516873
tragic,fear,0.0005166827301886321
treatment,fear,0.0004929878326609407
uncertain,fear,0.025979056243187068
uncles,fear,0.0005859993835807424
uncomfortable,fear,0.01662684079843988
unprepared,fear,0.0002937177857602503
unprotected,fear,0.0018579473156798737
unsure,fear,0.025889152428140914
unza,fear,0.000550287164205659
uptight,fear,0.0104663384753839
use,fear,0.0005767367630099245
vain,fear,0.0005104734948506331
vienna,fear,0.0005879174758760583
vulnerable,fear,0.026609269727293147
want,fear,0.000922765043062342
wasnt,fear,0.0003928496791516873
way,fear,0.0006284802830783544
we,fear,0.001291511850856413
weird,fear,0.013383977008698554
well,fear,0.0004910620989396091
western,fear,0.0005134148545101185
what,fear,0.0005682290002015476
when,fear,0.0011809858869685963
whenever,fear,0.0005758819160291777
where,fear,0.0005524448613070602
why,fear,0.001781378639706475
wimpy,fear,0.008955636666785224
wipe,fear,0.0005876553637629431
with,fear,0.0003237772080920498
woke,fear,0.000585825477172641
wont,fear,0.0003928496791516873
would,fear,0.00048124085696081673
yank,fear,0.0005499895508123623
you,fear,0.0008214129654989827
your,fear,0.0003928496791516873
ability,joy,0.00018742071078976582
abortion,joy,0.00027332186990174193
about,joy,0.0022762024303829478
accept,joy,0.00378112675459923
acceptable,joy,0.006344011098240948
accepted,joy,0.0015382823194659227
act,joy,0.0005243098564109774
actauly,joy,0.0002687751983162159
actually,joy,0.0006685305196245307
add,joy,0.0007728065141491324
admire,joy,0.00027573349214852436
admit,joy,0.0002765537202798409
adventurous,joy,0.006632627079545018
after,joy,0.00023140720413838392
again,joy,0.0002755084448609559
agitate,joy,0.0005075825696215191
ago,joy,0.00022490485294771894
all,joy,0.0010314567726327844
allow,joy,0.0002517436374345417
along,joy,0.00018742071078976582
also,joy,0.00029605263815906405
alternate,joy,0.0002523450394609545
always,joy,0.0005601323515648683
amaze,joy,0.0013582827132458356
amazing,joy,0.004186864293642932
ambitious,joy,0.0002804586710472101
america,joy,0.00026293224354274387
amuse,joy,0.004895831162954592
amused,joy,0.002586817361777686
an,joy,0.0006329404454911225
and,joy,0.0060052427927116785
andover,joy,0.00026956455241229594
angry,joy,0.0005477376821931695
answer,joy,0.00027332186990174193
anything,joy,0.0002768059728587312
apple,joy,0.00027501952126759093
appreciative,joy,0.005895269138469209
arrive,joy,0.00025557369653149886
art,joy,0.00043771546344703843
artistic,joy,0.006577838973458686
as,joy,0.0008874992204170998
assure,joy,0.006373165174675266
assured,joy,0.0031575832193200307
at,joy,0.0002755084448609559
authority,joy,0.00027628397883663793
auto,joy,0.0002714199569476744
away,joy,0.00018742071078976582
awkwardness,joy,0.00018742071078976582
be,joy,0.006785854454030234
because,joy,0.001095214852452297
before,joy,0.00018742071078976582
begin,joy,0.0001725122451587617
believe,joy,0.00021084829963848655
beloved,joy,0.0025937700364284666
benevolent,joy,0.0018711541191697328
benign,joy,0.00028061666480363415
big,joy,0.00027636613285948535
bit,joy,0.0004949078144292263
bless,joy,0.003912392252815735
boat,joy,0.0002795927495281362
bounce,joy,0.0002760195922540187
bouncy,joy,0.002363821965239561
boundary,joy,0.00026691842023200555
boy,joy,0.00025763501565022215
brave,joy,0.006959594402053935
but,joy,0.009789936786531396
button,joy,0.00024598968291156763
by,joy,0.0010309290952043467
cake,joy,5.6226213236929734e-05
call,joy,0.0003625780257209029
calm,joy,0.005010144148988234
calmed,joy,0.0002754608935403996
can,joy,0.00205486401463699
carefree,joy,0.006631796793874863
cascade,joy,0.00026691842023200555
casual,joy,0.006574360132498868
cat,joy,0.0002737328802324209
century,joy,0.00018742071078976582
chance,joy,0.0002769967857995806
change,joy,0.0005681806811310788
channel,joy,0.0002596952966307586
charm,joy,0.004017690792006954
charming,joy,0.0016081115361015071
cheer,joy,0.00025452326165510583
chest,joy,0.0002550584269820404
child,joy,0.00035321595494994365
clever,joy,0.006730105954304674
comfortable,joy,0.006366942728791371
comment,joy,0.00021084829963848655
community,joy,0.0002224333710471948
complacent,joy,0.004998182311312102
conceal,joy,0.00027356397210701874
confident,joy,0.0077063993930934944
considerate,joy,0.001307892435896827
consistent,joy,0.00027464551882134836
constitution,joy,0.00025347694906199575
constructive,joy,0.00026167293591162496
content,joy,0.009762615612354433
contented,joy,0.002361786176511189
continue,joy,0.00027727995568896813
convince,joy,0.004978130347213281
convinced,joy,0.003793725834376511
cool,joy,0.0067166228606480175
could,joy,0.000885539372177033
crampy,joy,0.00027727995568896813
crappy,joy,0.00025806638318728485
creative,joy,0.006009234631911447
cute,joy,0.006734443693451601
dad,joy,0.00025950559955506027
dan,joy,0.000280695711751498
dance,joy,0.00025549332744453966
darn,joy,0.00026238899510567224
date,joy,0.0002804302710769016
day,joy,0.0003988460446363482
delicious,joy,0.00653958889302526
delight,joy,0.002989071302704245
delighted,joy,0.0021086697223502227
describe,joy,0.0002519942329946431
determine,joy,0.0062298384322651895
determined,joy,0.0026082490684941582
dickensian,joy,0.0002776530632451916
dignified,joy,0.0016122221618403122
discontent,joy,0.0002780417138089931
dish,joy,0.00027302559292393617
divine,joy,0.006949495843126254
do,joy,0.00037484142157953164
doctor,joy,0.00026835238135807394
doesnt,joy,0.00025100988052200753
don,joy,0.0017050908456569679
doom,joy,0.0002572703622479683
dupe,joy,0.00026772810814300297
during,joy,0.0002801506795802954
eager,joy,0.00667636199296774
eating,joy,0.00027737761377771093
ecstatic,joy,0.006595647231723222
ed,joy,0.00027582670644531545
education,joy,0.0005457923984386316
elegant,joy,0.005018332739561149
emerge,joy,0.0005701844241058744
emma,joy,0.00010709754902272332
end,joy,0.0010250615770214598
energetic,joy,0.006849876118079893
energy,joy,0.0003722563083272588
enjoy,joy,0.0004792006809965605
enough,joy,0.0006018708658363737
entertain,joy,0.0033787431646949825
entertained,joy,0.0010900325003476272
envelope,joy,0.0002572703622479683
equality,joy,0.00019796312577169008
eric,joy,0.0002790364845242025
even,joy,0.00046411953043546766
every,joy,0.0005393494355831856
evey,joy,0.0002666748407607553
exactly,joy,0.00027619894221649706
excite,joy,0.004390191448199237
excited,joy,0.0026148254373719437
expensive,joy,0.00027619894221649706
extremely,joy,0.00027527416897246893
fab,joy,0.0027909735187280145
fabulous,joy,0.006554139338052751
faithful,joy,0.0031251489810174425
fall,joy,0.00027628397883663793
family,joy,0.0007873553592594307
fantastic,joy,0.0065503650336540846
far,joy,0.0002755084448609559
fearless,joy,0.0027848505213795144
feel,joy,0.007644097696966864
feeling,joy,0.00043374507354202943
felt,joy,0.000687607138147252
festive,joy,0.006929211537541315
final,joy,0.0005157191461438097
finally,joy,0.0005538592544976319
find,joy,0.00045543232721913127
fine,joy,0.006201331112855884
first,joy,0.0010031753290396812
flawless,joy,0.0025921504560191522
fond,joy,0.00041884729793050657
food,joy,0.0002737328802324209
for,joy,0.0030367766209371946
free,joy,0.007073314168846297
friend,joy,0.000595994834956963
friendly,joy,0.0067166179578696085
friendship,joy,0.00027652236018162136
generous,joy,0.004637858996839775
get,joy,0.0010991060964452113
giggly,joy,0.0029966482435267333
glad,joy,0.00738339324911265
glamorous,joy,0.005493234678831139
glamourous,joy,0.001349647351335265
go,joy,0.0005118524239499812
god,joy,0.0001251187712140469
good,joy,0.008387791834280222
gorgeous,joy,0.006641887060473003
graceful,joy,0.0026136486111266568
gracious,joy,0.0026781421622752233
grandpa,joy,0.000206580115435278
greatbritain,joy,0.0002708878914578169
greatly,joy,0.0002596952966307586
group,joy,0.0002744374693707284
grumpy,joy,0.00018742071078976582
hand,joy,0.00012650897978309193
handbook,joy,0.00027115372844650125
handsome,joy,0.0016060621161321318
happy,joy,0.006722569304329542
hard,joy,0.0009233716249946958
hasnt,joy,0.0002663346942801937
have,joy,0.0050388946339667345
he,joy,0.0011543218237714376
heavy,joy,0.0004578581058296943
helpless,joy,0.00040370814294417914
her,joy,0.0004720850538849884
him,joy,0.0007025733789591628
his,joy,0.0007986828207150991
hold,joy,0.000265512673618835
honor,joy,0.006819143794225418
honored,joy,0.0010872300610986923
honour,joy,0.005275636270047482
honoured,joy,0.0010881630054822124
hook,joy,0.00026982844331038304
hopeful,joy,0.006699773713954322
hot,joy,0.0006288764529399762
how,joy,0.0018126086919189846
human,joy,0.00026293224354274387
humorous,joy,0.0013539805488300143
if,joy,0.0016765971683455106
iframe,joy,0.00019215288378623613
ill,joy,0.0005975516344450662
im,joy,0.002538704120035788
impatient,joy,0.0002747417237713612
important,joy,0.00678723253619465
impulsive,joy,0.0002807102813325767
in,joy,0.004532291079224899
incredibly,joy,0.0004919793658231353
innocent,joy,0.006838016033278605
inspire,joy,0.006264443907230446
inspired,joy,0.002989601451654811
instead,joy,0.0005317442137647984
intelligent,joy,0.006600399738760494
internal,joy,0.00027491690767393254
intimidate,joy,0.0002558399191320523
invigorate,joy,0.005137468944590129
invigorated,joy,0.002597500059684423
irritable,joy,0.0002694172717602885
it,joy,0.002230099335960706
jittery,joy,0.00026259161209030895
jolly,joy,0.004031172410203997
jonalyn,joy,0.00027722646804319566
journey,joy,0.000275724699527252
joyful,joy,0.00665951610813951
jubilant,joy,0.0016142833877024895
just,joy,0.0007476561669888652
keen,joy,0.005305192838542339
know,joy,0.001125958242942744
laurie,joy,0.00021774660816150957
lead,joy,0.00027619894221649706
leaf,joy,8.032316176704252e-05
least,joy,0.0002602264484427134
leave,joy,0.000812269473530498
less,joy,0.000935185210709782
life,joy,0.0009507950019773026
lift,joy,0.00027309875000794447
like,joy,0.002428282415226731
likeable,joy,0.0008233385350571655
link,joy,0.000268967893457563
little,joy,0.0011153205691194546
lively,joy,0.004527092813482277
living,joy,0.0004919793658231353
logan,joy,0.00027582670644531545
lost,joy,0.00027501952126759093
lot,joy,0.00043964113541641853
love,joy,0.0002570341176545363
low,joy,0.00024096948530112755
lucky,joy,0.006624814478766763
magazine,joy,0.00027931440930957003
maggie,joy,0.0002808539058804383
make,joy,0.0020185383139414894
many,joy,0.00022624357231050305
mark,joy,0.0005246565419377373
material,joy,0.0005216527885953846
matter,joy,0.00024649897832132244
maxs,joy,0.0002640384886062449
maybe,joy,0.0002633165629157792
me,joy,0.0023817763251119946
medical,joy,0.00027168657773055923
meet,joy,0.0009570389614192034
meeting,joy,0.00026760228404673067
melancholy,joy,0.00039680270330258585
mellow,joy,0.006569573018026637
million,joy,0.00023255327166009541
miss,joy,0.0003767363000893546
mom,joy,0.0001499365686318127
more,joy,0.0009095856151883822
moreso,joy,0.00024297756434530377
most,joy,0.00046830121452683435
mouse,joy,0.000247532475347947
my,joy,0.003175341081533574
myself,joy,0.0010886885829992578
na,joy,0.00027652236018162136
name,joy,0.0004510124056438211
nancy,joy,0.00024297756434530377
nauseated,joy,0.00026890797635053366
navigating,joy,0.0002798715060082069
needed,joy,0.0002682508868793456
neighbor,joy,0.00014042517809172242
nervous,joy,0.0009816026784171586
new,joy,0.0002067140192534183
nice,joy,0.0002449399403102385
night,joy,0.00027410394530650965
no,joy,0.00026691842023200555
norma,joy,0.00027392257730811907
north,joy,0.00025763501565022215
not,joy,0.0008784755778254014
nothing,joy,0.00027143689148862615
now,joy,0.0005624586416335605
nutrition,joy,0.0002602264484427134
of,joy,0.002316169115129845
off,joy,0.00026259161209030895
often,joy,0.00024353667654976015
ok,joy,0.006671173561300583
on,joy,0.002298018078866645
one,joy,0.0007856484450430066
only,joy,0.0002633165629157792
optimistic,joy,0.0065858254914733716
or,joy,0.0012430732488353012
ordinary,joy,0.0002743745316295824
other,joy,0.0009859333551688603
others,joy,0.0008715063051724111
our,joy,0.00047830254541007756
out,joy,0.0009517608146644397
outdoors,joy,0.00021084829963848655
outgo,joy,0.0008228040731714098
outlandish,joy,0.0002784818779496738
over,joy,0.00122685148557325
paper,joy,0.0003373572794215785
passionate,joy,0.003963920282697958
pathetic,joy,0.0002323789177302254
peaceful,joy,0.005694967525244678
people,joy,0.0007228617184511545
perfect,joy,0.0065200012053263
perfectly,joy,0.0003938177685469958
photo,joy,0.00023756397113264169
photography,joy,0.00012834244325820928
placement,joy,0.00024598968291156763
playful,joy,0.004874962688056905
pleasant,joy,0.006930241171869711
please,joy,0.0005605227411634723
pleased,joy,0.006574793549052015
pompous,joy,0.00027627990471519115
popular,joy,0.006893891695382475
positive,joy,0.006453756010533634
precious,joy,0.006812434253387342
presentation,joy,0.0002722209992274471
pretty,joy,0.0026207693368448374
privilege,joy,0.004192834675456113
privileged,joy,0.002112181976728406
production,joy,0.00021441821793924374
productive,joy,0.006686819819307453
progress,joy,0.00022490485294771894
progressive,joy,0.00014056553309232437
proud,joy,0.0069901640932723205
put,joy,0.0005145529072314824
quarrel,joy,0.00027332186990174193
question,joy,0.0002211802489855635
quicker,joy,0.0002810914479396732
quite,joy,0.00026259161209030895
radiant,joy,0.0021157030135724284
rattle,joy,0.00025595232423006455
re,joy,0.00026930885434710473
reader,joy,0.0005159677214262128
reading,joy,0.00021084829963848655
really,joy,0.0017255146023433731
reassure,joy,0.005559215534708821
reassured,joy,0.0018683761597138953
receive,joy,0.000455650496833437
red,joy,0.0002602264484427134
reduce,joy,0.0003448881574482185
relationship,joy,0.00036194523160512697
relax,joy,0.0012075752723602526
relaxed,joy,0.005506686298390856
release,joy,0.0005236524145847802
relieve,joy,0.00507234508728588
relieved,joy,0.0010890971512108425
religion,joy,0.000247532475347947
reluctant,joy,0.0002671539284308353
remembering,joy,0.00022215091597284963
remind,joy,0.0002591069734420732
reset,joy,0.00026851285063606847
resolve,joy,0.006786541461444375
resolved,joy,0.0008212038062668283
respect,joy,0.006910699491135997
respected,joy,0.0008222701315275529
rice,joy,0.0002672068561390869
rich,joy,0.006933658003407874
run,joy,0.00023574521461709215
sad,joy,0.0005175176721411319
safe,joy,0.0068384940402800975
sarcasm,joy,0.0002738337590617081
satisfied,joy,0.006235493949909418
satisfy,joy,0.004348376172831076
scent,joy,3.7484142157953156e-05
see,joy,0.00026356037454810816
seek,joy,0.0002505884318337241
seem,joy,0.0003009143634346798
send,joy,0.00027792892321863006
set,joy,0.00027501952126759093
share,joy,0.0007222949486369639
shes,joy,0.00034589513017072964
shimmer,joy,0.00027062244521437783
should,joy,0.0008857188746479837
silent,joy,0.00018742071078976582
since,joy,0.0007354566576018065
sincere,joy,0.00688840330859316
sit,joy,0.00018742071078976582
skill,joy,0.0001499365686318127
sleep,joy,0.00037484142157953164
smack,joy,0.000244918610271895
smart,joy,0.006577391632083501
smell,joy,0.000275724699527252
smile,joy,4.685517769744145e-05
smug,joy,0.006502607569537655
so,joy,0.0026756939930755604
sociable,joy,0.005038605270168035
solemn,joy,0.0002810122337793993
some,joy,0.0007401398020260579
someone,joy,0.0010778700458042919
something,joy,0.0004260847514249664
somewhere,joy,0.00022907954359219015
song,joy,0.00030506324925472504
sophomore,joy,0.00027710257400201757
sorry,joy,0.000752044244687582
sort,joy,0.00022075997184371464
sound,joy,0.00024204524193193573
special,joy,0.0065976018986976396
specially,joy,0.0002669468008046114
spend,joy,0.0004631188266959459
splendid,joy,0.0026028662409873786
squeal,joy,0.0002679893062973092
stage,joy,0.00024649897832132244
state,joy,0.0005197284596468089
statement,joy,0.00013178018727405408
stay,joy,0.00024125431920810314
strand,joy,0.00027488370915832344
stress,joy,0.00024265458659693959
strong,joy,0.004884237372241802
stubborn,joy,0.0005481366743869808
success,joy,0.0005496037095856731
successful,joy,0.007990262319010873
such,joy,0.0007171000232582978
suffer,joy,0.0002449399403102385
summer,joy,0.0002647041921213105
super,joy,0.006694932649956143
superior,joy,0.006882637634619925
support,joy,0.0028098929613092215
supporter,joy,0.0002530179595661839
supporting,joy,0.0008217367094505683
sure,joy,0.0046759675983269475
sweaty,joy,0.00027488370915832344
sweet,joy,0.0040303980207218185
sweetheart,joy,0.000270092721903271
system,joy,0.00024163884498251966
take,joy,0.00046587433824884643
talented,joy,0.0068577878919293435
teach,joy,0.00030425440063273684
team,joy,0.0005472171609639771
terrific,joy,0.0066159452134147345
terrify,joy,0.0002591364592996478
than,joy,0.0014703201837060113
thankful,joy,0.006964888640755174
that,joy,0.0035404427248140334
the,joy,0.004217516095975162
their,joy,0.00014597189974972143
there,joy,0.00018742071078976582
these,joy,0.00027071880447410607
they,joy,0.0011976655570031891
thing,joy,0.0009613222042391955
think,joy,0.0011009229585070483
thinking,joy,0.00024620266099201037
this,joy,0.0032189096025632196
thrill,joy,0.0045451394780151415
thrilled,joy,0.0008661259639639269
through,joy,0.00024096948530112755
tightly,joy,0.0002803797242010608
title,joy,0.0002523450394609545
to,joy,0.007592011432579139
today,joy,0.00031320305947487583
tomoe,joy,0.00026760228404673067
tonight,joy,0.0005037227556670288
too,joy,0.0005373470775619278
torture,joy,0.0002618280528374642
toward,joy,0.00018072711397584557
tranquil,joy,0.00161016488132754
triumphant,joy,0.006540061012151251
trouble,joy,0.0002647041921213105
true,joy,0.0003517180871314437
trust,joy,0.004133653862133217
trusting,joy,0.00028053765124183105
truthful,joy,0.004191218523199118
try,joy,0.0005243668386586673
twin,joy,0.0002591069734420732
two,joy,0.00027071880447410607
uncertain,joy,0.0004622866465283836
understand,joy,0.0005110307720558433
ungrateful,joy,0.0003982690104282527
unintelligent,joy,0.00027427421091185257
unpaid,joy,0.0002270310542886111
unsatisfied,joy,0.0002625309804926342
unsure,joy,0.0002585477147719178
until,joy,0.0002458474101047935
up,joy,0.00025876836773814244
use,joy,0.00024671053179922095
useful,joy,0.006928245833535146
valuable,joy,0.006438738619013542
value,joy,0.006363299678559849
valued,joy,0.0005602073534907905
very,joy,0.0007100532314580626
vigorous,joy,0.0013510894363353016
virtuous,joy,0.006710550227025284
vital,joy,0.006402217787457473
vulnerable,joy,0.0002694172717602885
wal,joy,0.00027518869898154923
walk,joy,0.00022959037071746305
want,joy,0.0007290954033442133
warm,joy,0.00027514955413816713
wasnt,joy,0.0002633165629157792
watch,joy,0.0002596952966307586
way,joy,0.001018746289100247
we,joy,0.0002610502757428882
weapon,joy,0.00027031833286985475
weatherman,joy,0.0002809330530992291
website,joy,0.0002134391153464626
welcome,joy,0.005551310113571255
welcomed,joy,0.0013525338338509585
well,joy,0.00896084472110765
what,joy,0.0012509382998860286
whatever,joy,0.0002640384886062449
when,joy,0.002483052359005971
whether,joy,0.00021084829963848655
who,joy,0.0005992858613667506
why,joy,0.00010040395220880316
will,joy,0.0006318297765596519
win,joy,0.0003438855755951676
wish,joy,0.00018742071078976582
with,joy,0.0018238434470076188
wonder,joy,0.00018742071078976582
wonderful,joy,0.0063387328173449215
work,joy,0.00018742071078976582
worthwhile,joy,0.006544479994279446
write,joy,0.0007476926018145918
xml,joy,0.0002674672916713764
yoga,joy,0.00027035738895068057
you,joy,0.0010346475147916844
your,joy,0.0005797011694101191
zach,joy,0.0002666748407607553
about,love,0.004695453152261418
accept,love,0.009071304344391058
accepted,love,0.0028994840003572745
ache,love,0.0014999934342847948
admire,love,0.003067626667528244
adoring,love,0.0008361986426066757
advise,love,0.000417943105509379
affectionate,love,0.007395783651960538
against,love,0.0006331255743131156
all,love,0.0011202373110719775
already,love,0.0011672380985051144
also,love,0.0011600184655844769
always,love,0.0004200889916519916
amorous,love,0.004128289580222025
amp,love,0.0006448251243445054
an,love,0.0010992982959117505
and,love,0.004528867005876857
away,love,0.0016361133180874982
band,love,0.0002781587241789633
base,love,0.001029394537527066
be,love,0.013807531199970925
because,love,0.0017361977556467271
begin,love,0.0002520533949911948
beloved,love,0.018259638602013496
better,love,0.00041745492554432086
bill,love,0.0009903812309313906
bless,love,0.01347468710186375
blessed,love,0.0011063313172115787
blind,love,0.0009743325958885133
book,love,0.0008333995514533003
both,love,0.0009423564915442728
bowler,love,0.0008161728980667264
brave,love,0.0007163622805012909
but,love,0.0048676753840927655
by,love,0.0032799733568425827
cake,love,0.0007201525571177
call,love,0.0010107194960707411
can,love,0.0023940573547969156
cardiovascular,love,0.0007929255930963914
care,love,0.01599908763539419
caring,love,0.0026473750245082405
cbc,love,0.000835223448382262
character,love,0.0010917820852559775
child,love,0.0007481236999158942
clara,love,0.0008346148180376706
clothing,love,0.0008233744236379038
clump,love,0.0008342499591043412
cold,love,0.0016000254697716922
come,love,0.0005601186555359887
comment,love,0.00064590259377123
community,love,0.0006119077204148508
companion,love,0.0008365647808101432
compassionate,love,0.015087694881622007
compliment,love,0.00027828075930223697
con,love,0.0008355889462038415
considerate,love,0.0032801101541925226
continue,love,0.0015549680766950757
could,love,0.0015220615639564906
crave,love,0.0008225127950688892
crest,love,0.0008336423923341606
day,love,0.0018193095828699045
deal,love,0.0008906234522808273
delicate,love,0.02552108011402582
devote,love,0.008939524021606832
devoted,love,0.0016642667754550612
dine,love,0.00041721115624867146
disgrace,love,0.0005585798680207805
drake,love,0.0008364427080270745
easy,love,0.000589215728550845
emphasise,love,0.0008348581903180707
end,love,0.0008168397059899839
endure,love,0.000572540641848279
enjoy,love,0.000763557978537269
even,love,0.0011202373110719777
ever,love,0.0014548536507428278
everyone,love,0.0006580341347932206
excited,love,0.0007662532321756132
excitement,love,0.00029172846642499427
express,love,0.0008196858373697401
extinguish,love,0.0008354670869438694
extremely,love,0.000746824874047985
face,love,0.0009204412242990539
faithful,love,0.010523891240984488
family,love,0.0011223099055420467
far,love,0.0006721423866431864
feel,love,0.013613652233845926
feeling,love,0.005202320450368804
fellowship,love,0.0006950001700124858
felt,love,0.0007001483194199861
figure,love,0.0008147180444159831
film,love,0.00016723582939807705
first,love,0.001210287156461994
fond,love,0.029424995220038375
for,love,0.005238516012060451
forgive,love,0.0006294831949212507
future,love,0.0007001483194199861
gaze,love,0.0008020360120954037
generous,love,0.012479196456909229
gentle,love,0.02891870646104589
genuinely,love,0.0002087547564459766
gracious,love,0.0012760497356680484
graduate,love,0.0007755489076652149
grateful,love,0.0007621353259288668
hadnt,love,0.0008390105641507432
handedly,love,0.0007095139397966432
have,love,0.004698543049173663
heart,love,0.0013243483465639058
help,love,0.0006186765149783875
her,love,0.000789095733468748
here,love,0.001189546348337143
him,love,0.0019298354870140979
his,love,0.0017778744466973322
hockney,love,0.0008360766499527944
hold,love,0.0028830672936792268
horny,love,0.03022868378469743
hot,love,0.024418416735432935
how,love,0.0016017362075853546
id,love,0.0003850815756809928
im,love,0.007839172094357577
impress,love,0.0007667934535679855
in,love,0.004208319837411218
interest,love,0.0007953801115801062
it,love,0.00721094573923277
job,love,0.0007351557353909852
joeys,love,0.0006896726928991508
journey,love,0.000978825536219774
joyful,love,0.0001800381392794249
just,love,0.001526832535113329
kick,love,0.0007072205246666528
kindaish,love,0.0008335209586276032
kuribayashi,love,0.0008368090065598116
last,love,0.0008941454050088341
leer,love,0.0007001483194199861
legitemately,love,0.0008366868803184141
less,love,0.0007660909941571032
life,love,0.0005601186555359887
like,love,0.00949072855096382
liked,love,0.0008358327447209926
link,love,0.0006301334874779874
list,love,0.000746824874047985
long,love,0.0057664837111113774
longing,love,0.023684800664823327
look,love,0.000756160184973585
love,love,0.024106451737106606
loved,love,0.0032840335666971085
lovely,love,0.0275127040300959
loving,love,0.005533261634202172
loyal,love,0.030297900175529496
lungfuls,love,0.0008359546839942004
make,love,0.0016164464629345372
mass,love,0.0002780367693130552
me,love,0.0044386855308418335
meal,love,0.0001350286044595688
mind,love,0.0006138062414552775
more,love,0.0030635460909557207
morning,love,0.0006721423866431864
most,love,0.00033607119332159345
musicianship,love,0.0008347364908738233
my,love,0.009655604094197709
myself,love,0.001425621152521123
naughty,love,0.02951767079486422
need,love,0.0017542856063574737
never,love,0.0007201525571177
no,love,0.0024073104542427118
nostalgic,love,0.03203706811314565
not,love,0.002512172048750309
of,love,0.005242821580773767
off,love,0.0009455499168371137
oh,love,0.0008366027578431141
on,love,0.003119349347857492
once,love,0.0017083389625028845
option,love,0.00010471391229265578
or,love,0.0009148604707087822
out,love,0.0006301334874779874
part,love,0.0005601186555359887
passionate,love,0.025727292432143237
people,love,0.0017844749356918193
physicality,love,0.0008351016690645265
place,love,0.0004200889916519916
plan,love,0.0012908617830487623
privilege,love,0.003040209459108825
production,love,0.0006647562065701851
punish,love,0.0006721423866431864
questionable,love,0.0006516765126909099
quilt,love,0.0008343715521610605
read,love,0.001598387382870992
ready,love,0.0008147180444159831
really,love,0.000678605294207064
rest,love,0.0015483886167051693
reveal,love,0.00016699089393209049
romantic,love,0.024829686596049182
sachet,love,0.0008363206619619005
sarcastic,love,0.0007001483194199861
see,love,0.0008226742753184845
sense,love,0.000732018513191594
sequel,love,0.0008341283926264052
service,love,0.0008295129039630851
settle,love,0.00027711635677537063
shall,love,0.000686145353031586
shape,love,0.0008370533392736515
she,love,0.0022358069666811556
should,love,0.002494606438045368
simon,love,0.0008353452543397806
simple,love,0.0002784028747534426
sinking,love,0.0004178209802679208
sit,love,0.001050222479129979
slutty,love,0.006582064313178308
so,love,0.005085373348097682
some,love,0.001022045546763625
someone,love,0.0005601186555359887
soon,love,0.0005395602294992339
sound,love,0.0005601186555359887
spring,love,0.0005601186555359887
start,love,0.0007201525571177
stellar,love,0.0007755489076652149
still,love,0.001965275761768373
sulfate,love,0.0008337638525798851
support,love,0.01077679441142537
supportive,love,0.029703556893393834
suppose,love,0.001337651789207658
sweet,love,0.022582288457335075
sympathetic,love,0.03840533880716637
sympathy,love,0.00011959406038648964
take,love,0.0027689023537483025
talk,love,0.0007637981666399848
tear,love,0.0008401779833039832
tell,love,0.001432885135176723
temporary,love,0.0008344931718027953
tender,love,0.02986736167016085
thankful,love,0.000786938212854102
that,love,0.009193627051668757
the,love,0.011663692442435461
their,love,0.0006837756202581652
there,love,0.0007485222033071847
therefore,love,0.00016711329435351724
these,love,0.0007841661177503844
they,love,0.002128450891036757
thing,love,0.0013283446376347542
this,love,0.005177549506506737
through,love,0.0011866789722803847
to,love,0.004177542755427822
tom,love,0.0008369311595422552
tomorrow,love,9.316795290100201e-05
tonight,love,0.0007755489076652149
too,love,0.001399637675715812
traitor,love,0.0008371755457612543
treasure,love,0.0060391927957486715
treasured,love,0.0016647509257892038
tribulation,love,0.0008338853393710752
true,love,0.0010440446998409788
truth,love,0.0007407569219463445
two,love,0.0006721423866431864
uk,love,0.0007755489076652149
up,love,0.0010511700482840824
url,love,0.0007888067222281985
validation,love,0.0004173330141993718
vampire,love,0.0008357108321277265
ve,love,0.0006721423866431864
very,love,0.001170033956249976
watch,love,0.001321779806533987
we,love,0.0014287187751205659
welcome,love,0.0011482432438487769
when,love,0.0022726689229123505
wherever,love,0.0004176989085480329
who,love,0.002365270289627383
wholly,love,0.0006819626487857007
will,love,0.0014093925828187546
with,love,0.004516613658647052
write,love,0.0014477737885413675
yash,love,0.0008340068527171871
year,love,0.0005601186555359887
yoke,love,0.0007138717347552595
you,love,0.001877990593708368
your,love,0.00223001450050107
about,sadness,0.0002791618485024512
abuse,sadness,0.005743345845888585
abused,sadness,0.0020177123961172684
accident,sadness,0.0005213345482279388
ache,sadness,0.007436074922918598
aching,sadness,0.003355833073273554
actually,sadness,0.00025664879620386646
adverse,sadness,0.00030217330203454894
after,sadness,0.0004545677326628796
agonize,sadness,0.000594167255770757
all,sadness,0.0024854366703681305
alone,sadness,0.008163055094668152
already,sadness,0.00029355598986399766
always,sadness,0.0003884650692937113
and,sadness,0.005388439755879791
annoy,sadness,0.0002786361153461052
anxiety,sadness,0.00029751013843436463
anxious,sadness,0.0005921791092110544
any,sadness,0.00025326399125521375
anybody,sadness,0.0002793791904093033
anything,sadness,0.0003178660952746104
apartment,sadness,0.00028492199016211565
apple,sadness,0.000295689390953126
around,sadness,0.0007724842905930221
art,sadness,0.0002689685423117993
ashamed,sadness,0.008717554499141082
assault,sadness,0.0007594576529136789
at,sadness,0.0007172583762999238
awful,sadness,0.006850875152500589
awkward,sadness,0.008768665029540903
bad,sadness,0.007391883545846881
badly,sadness,0.00028504070765801646
bagel,sadness,0.00025396708753596867
bastard,sadness,0.00028759313381988534
be,sadness,0.00488339682041202
beat,sadness,0.005250384798942262
beaten,sadness,0.00384149498404325
because,sadness,0.000764643231495324
become,sadness,0.00027407760351732315
begin,sadness,0.00039417918560839544
belief,sadness,0.0001513648072736239
beneath,sadness,0.0002746095922961245
betrayed,sadness,0.000275208740497498
bitch,sadness,0.000337199649736293
bitchy,sadness,0.0004986134827837025
blame,sadness,0.0037718734540180747
blank,sadness,0.006969507294030031
bloat,sadness,0.000289631977771226
blog,sadness,0.0001513648072736239
bm,sadness,0.0002997320946799244
boil,sadness,0.00028270053398881886
boomer,sadness,0.000300716626066413
bore,sadness,0.0026199049978641717
boring,sadness,0.00432337434146682
bother,sadness,0.0008208821470134418
break,sadness,0.004427915413836005
breakup,sadness,0.00030036859122833335
broke,sadness,0.0014626160977665246
burden,sadness,0.00850157511985886
burdened,sadness,0.0011786973457784838
but,sadness,0.0013151110483413933
buy,sadness,0.0005571666477262443
by,sadness,0.0012782245409483734
can,sadness,0.001431954393919961
cant,sadness,0.000498371202179823
car,sadness,0.0002018197430314985
castiel,sadness,0.00029921282839465103
censorship,sadness,0.00029516137418356635
ceramic,sadness,0.00029950114291758985
chaos,sadness,0.0002723536838358739
civilian,sadness,0.0002991552154499719
clear,sadness,0.00025227467878937316
clueless,sadness,0.0002876786506601526
clump,sadness,0.00029151740660105326
cold,sadness,0.0005351978539694839
come,sadness,0.00025948252675478384
confuse,sadness,0.00028504070765801646
confused,sadness,0.0002502724987989814
constitution,sadness,0.00028270053398881886
control,sadness,0.0005568565983902599
conventional,sadness,0.0003006585782668247
cough,sadness,0.00023599149497660472
could,sadness,0.0009991260356267248
couldn,sadness,0.0002018197430314985
couldve,sadness,0.00029667502225630296
cranky,sadness,0.0002976841209714605
crappy,sadness,0.00801605280999803
creative,sadness,0.0005514717239463999
crochet,sadness,0.0002018197430314985
cruel,sadness,0.0002874250489959109
damage,sadness,0.00761517336579491
day,sadness,0.0005756932761753528
daze,sadness,0.0002793791904093033
dazed,sadness,0.0002974185686779979
dealt,sadness,0.00027178557759229493
defeat,sadness,0.00669041919712123
defeated,sadness,0.0033485305078770566
defective,sadness,0.002012450352708643
definitely,sadness,0.0002018197430314985
delicate,sadness,0.0002018197430314985
delicious,sadness,0.0002905128326199442
depends,sadness,0.0003008327721096291
depress,sadness,0.003927276826515015
depressed,sadness,0.004930974313734396
deprive,sadness,0.007882173079906947
deprived,sadness,0.0017474847271436282
despairing,sadness,0.00029955885582663857
devastate,sadness,0.007707991643792857
devastated,sadness,0.003084137975157518
didnt,sadness,0.0008403914598937025
dirty,sadness,0.007793701745228535
disadvantage,sadness,0.0011778021042741387
disadvantaged,sadness,0.0005946219465987142
disappoint,sadness,0.003550192574776525
disappointed,sadness,0.004625166739605577
discontent,sadness,0.007435781374403662
discourage,sadness,0.007610524588186466
discouraged,sadness,0.00401863116060201
dishearten,sadness,0.007409022865498106
disheartened,sadness,0.004461134914028523
disillusion,sadness,0.005736847724256922
disillusioned,sadness,0.002022995104889241
dislike,sadness,0.0005943945359679079
disliked,sadness,0.00030158936419760654
dismay,sadness,0.0020203511605774048
dismayed,sadness,0.001493935486241924
distraught,sadness,0.0005651202641831289
distress,sadness,0.000294080196988755
distressed,sadness,0.0002607225866198014
disturb,sadness,0.005897961707307664
disturbed,sadness,0.004008058597695906
don,sadness,0.0002018197430314985
dont,sadness,0.00026979052438273705
doom,sadness,0.007563336192091812
doomed,sadness,0.0014639947537168857
down,sadness,0.0002525750057879315
drain,sadness,0.007273685066464848
drained,sadness,0.0005957609597503766
dull,sadness,0.008661846651375846
dumb,sadness,0.00814562693525151
dump,sadness,0.00028224896409162004
dumpling,sadness,0.00029909761914360196
either,sadness,0.0002778442140293804
elder,sadness,0.0002994434466849449
embarrass,sadness,0.006055250260842777
embarrassed,sadness,0.0044664335333371875
emotional,sadness,0.007303390041900514
empty,sadness,0.006467672417922514
engage,sadness,0.00015098403529310834
enough,sadness,0.0002018197430314985
environment,sadness,0.00026909299070866465
esteem,sadness,0.00029961658541936175
even,sadness,0.0002600657106462209
ever,sadness,0.00042861264478992955
everything,sadness,0.0002548229078680538
exhaust,sadness,0.008684736368172604
exhausted,sadness,0.0017669176135030255
experience,sadness,0.00025291605509138035
fake,sadness,0.007612988420659325
fear,sadness,0.0002962885589185832
fearful,sadness,0.0002945477330729981
feel,sadness,0.008160313733503413
feeling,sadness,0.0018693919256747022
fleet,sadness,0.0001509255823178073
focus,sadness,0.00030182273604355064
foolish,sadness,0.007503946533987431
football,sadness,0.00029496731673834376
for,sadness,0.0033018267293723263
friend,sadness,0.0011730646552377787
from,sadness,0.0017927479399702738
full,sadness,0.0005672056552049922
furious,sadness,0.00028504070765801646
gaga,sadness,0.0003011234317765197
gender,sadness,0.0002018197430314985
get,sadness,0.002528830085556698
girlfriend,sadness,0.0003018811213293515
give,sadness,0.0002835293988462825
gloomy,sadness,0.008816834799793382
go,sadness,0.0008116746672867179
good,sadness,0.0008556927763918458
grade,sadness,0.00030042655506300946
grandfather,sadness,0.0005950771595596234
grandmother,sadness,0.00030211483196816084
grey,sadness,0.00022660462375466512
groggy,sadness,0.008737243292158676
guilty,sadness,0.008039494425274477
hadnt,sadness,0.00015086716328070415
haka,sadness,0.00030013690356068515
happen,sadness,0.000275208740497498
happy,sadness,0.0002613595704957759
hat,sadness,0.00453289517547587
hated,sadness,0.00039587347699151143
have,sadness,0.0024496274770266437
he,sadness,0.0003938714735197091
healer,sadness,0.00030205637887126914
heart,sadness,0.001388786108950878
heartbroken,sadness,0.008172389558258053
helpless,sadness,0.004156299098867882
her,sadness,0.0012027829348076893
here,sadness,0.00028759313381988534
him,sadness,0.0005305224649023816
home,sadness,0.00046768423574601294
homesick,sadness,0.008726842393507852
hopeless,sadness,0.008321651209297369
horrible,sadness,0.008215035242043416
hospital,sadness,0.00027245665309252306
how,sadness,0.0007864651120763096
humiliate,sadness,0.006826095733506219
humiliated,sadness,0.0025797367212417343
hump,sadness,0.000298277708450965
hurt,sadness,0.005386137197056086
hyena,sadness,0.00028177656813617035
idiotic,sadness,0.006280195547228774
if,sadness,0.0014000285153304007
ignore,sadness,0.0071041299907082574
ignored,sadness,0.0008884794244079313
ill,sadness,0.0005438042213156531
im,sadness,0.00175757896948545
impress,sadness,0.00027245665309252306
impression,sadness,0.00013355718288849173
in,sadness,0.0017239795943164475
inadequate,sadness,0.008093119639638819
inhibit,sadness,0.0017671344743207492
inhibited,sadness,0.0009096581202340744
insult,sadness,0.0004909674950054364
intend,sadness,0.00012974126337739197
into,sadness,0.0007821622277143001
invasion,sadness,0.0002998476707506982
irritable,sadness,0.0005467686846857111
irritated,sadness,0.0005942736263874958
isolate,sadness,0.004474311752450728
isolated,sadness,0.00468439250432812
it,sadness,0.0006540395545910101
jade,sadness,0.003653233222375083
jaded,sadness,0.00571493863373645
journey,sadness,0.00026511775334592285
just,sadness,0.002380647305983919
kill,sadness,0.0002843238599212879
kind,sadness,0.00022704721091043584
kinda,sadness,0.0004362867974357395
know,sadness,0.0002883139186164265
lame,sadness,0.007616130829358631
league,sadness,0.0002996743317016077
leave,sadness,0.00029496731673834376
legitimately,sadness,0.0002953459654119492
lethargic,sadness,0.009346153216589746
lift,sadness,0.00028631901928054574
like,sadness,0.005013624362363154
link,sadness,0.00046768423574601294
listless,sadness,0.008031608797094695
little,sadness,0.0010701596229212844
loathe,sadness,0.00025227467878937316
lock,sadness,0.00028759313381988534
lonely,sadness,0.006927748959553701
longlasting,sadness,0.0003019395235584213
look,sadness,0.0002876786506601526
loosen,sadness,0.00021317210357702022
lore,sadness,0.0003015310635278573
lose,sadness,0.0043145398436882755
lost,sadness,0.0007818557304088247
lot,sadness,0.0005786460346631681
lousy,sadness,0.00822946088065611
love,sadness,0.00025227467878937316
loving,sadness,0.00029759860413119287
low,sadness,0.008764583825874733
ludicrous,sadness,0.0009082747412847211
man,sadness,0.000275208740497498
mascara,sadness,0.0003014727797618277
me,sadness,0.00040700314844685536
melancholy,sadness,0.009419050455070334
memory,sadness,0.0002472291852135856
mention,sadness,0.0002947630457433726
mesmerism,sadness,0.00030141451289303144
messy,sadness,0.006715586549281059
midwestern,sadness,0.0002993857671228208
minute,sadness,0.0002597892436894825
miserable,sadness,0.009461335745099804
miss,sadness,0.006321548623819439
missed,sadness,0.0011760146783389848
moment,sadness,0.0008346360314492572
mommy,sadness,0.00024637533245460645
month,sadness,0.0002697045656875479
more,sadness,0.000913438261990476
morning,sadness,0.0002985826335260521
moronic,sadness,0.001745518130807816
morose,sadness,0.002856619651173459
motor,sadness,0.0003000790235289577
mournful,sadness,0.0008874643577691895
move,sadness,0.0002947630457433726
much,sadness,0.0006938600796135899
my,sadness,0.0016486385297406149
myself,sadness,0.0011997023851066004
necessary,sadness,0.00029584939603481024
needy,sadness,0.007984957048507019
neglectful,sadness,0.005077191632672478
never,sadness,0.0011540061805547978
night,sadness,0.00044757007667976703
no,sadness,0.0006800571510215901
normally,sadness,0.000283132625006508
not,sadness,0.001046081093683125
now,sadness,0.00022704721091043584
numb,sadness,0.008012043392649503
obnoxious,sadness,0.0002704092064240879
of,sadness,0.0024347819200976786
offend,sadness,0.0002589024316826363
office,sadness,2.7491505635531886e-05
often,sadness,0.00029690789119057035
ok,sadness,0.0002926386273956727
on,sadness,0.0009373643901261367
once,sadness,0.0002883139186164265
one,sadness,0.001113069581848163
only,sadness,0.0007802744907150229
or,sadness,0.001124635797337999
others,sadness,0.0002796469921155076
out,sadness,0.0025690866977222627
overwhelm,sadness,0.0002644388666555272
own,sadness,0.0002723536838358739
pain,sadness,0.0010150940526363126
pained,sadness,0.0008879716735223701
par,sadness,0.0002630049139957983
particularly,sadness,0.00025227467878937316
pathetic,sadness,0.008115909868920017
people,sadness,0.0002538568893183657
perry,sadness,0.00030025271387324197
perverse,sadness,0.002015078797986915
petty,sadness,0.0006876522424089568
piss,sadness,0.00042948832014584826
please,sadness,0.0002648884127288418
preference,sadness,0.0002999054838561776
pregnant,sadness,7.547724562949272e-05
prejudiced,sadness,0.0003003106441672659
prelim,sadness,0.0003016476817773844
pretty,sadness,0.00036963322899541884
print,sadness,0.0002964227475775138
province,sadness,0.0002992704579841097
punish,sadness,0.0090657803950306
punished,sadness,0.0005939401059070581
push,sadness,0.000294080196988755
putrid,sadness,0.0003009489854545909
reaction,sadness,0.00029584939603481024
really,sadness,0.0006913790075108063
recluse,sadness,0.00015110104316364578
regretful,sadness,0.008276142494439651
reject,sadness,0.008022772835305938
rejected,sadness,0.0011795936083739608
relationship,sadness,0.00030060054727314904
relative,sadness,0.0005933559284747175
remain,sadness,0.00028570381982488734
remind,sadness,0.0002802189509014269
remorseful,sadness,0.006431818614537617
repress,sadness,0.0025863455752878684
repressed,sadness,0.0005953049620899866
resentful,sadness,0.0005594272909517595
resign,sadness,0.004029245611633757
resigned,sadness,0.0003019979427368147
respect,sadness,0.00029191784259913173
return,sadness,0.0002926386273956727
revenue,sadness,0.00026873456766776215
romantic,sadness,0.0002839432022969754
rotten,sadness,0.007560854739532682
rude,sadness,0.0002978468788287438
sad,sadness,0.003804583707319661
scar,sadness,0.0007887529546887443
screen,sadness,0.0005183700341653311
seem,sadness,0.0002794427211205363
selfish,sadness,0.0010102363113701622
sense,sadness,0.0002794427211205363
sentimental,sadness,0.007289837809281894
separate,sadness,0.0005948494877624541
sham,sadness,0.004668218512081919
shamed,sadness,0.0005955328954532653
she,sadness,0.0005136814726480441
shitty,sadness,0.008817706499814724
shop,sadness,0.00026373505244119843
sick,sadness,0.00029667502225630296
sience,sadness,0.00030170601627400103
six,sadness,0.00028504070765801646
slight,sadness,0.00027245665309252306
smart,sadness,0.0003749941031811079
so,sadness,0.001422718298403366
some,sadness,0.0005158163489141983
somebody,sadness,0.0005037630468916107
someone,sadness,0.0002812818718209039
something,sadness,0.001629885739215477
sometimes,sadness,0.00025227467878937316
sorrowful,sadness,0.0017435548523779612
sorry,sadness,0.008324517905080247
sort,sadness,0.00027245665309252306
soul,sadness,0.0005345929784163898
sound,sadness,0.0002999633136830796
spike,sadness,0.00030118161425782557
spirit,sadness,0.0002901158806077793
squeeze,sadness,0.0002734312353526351
stain,sadness,0.0003000211602389199
stay,sadness,0.0003012980298204133
still,sadness,0.0005294704189652257
stop,sadness,0.00012807791384691238
strange,sadness,0.00026952422947582586
stress,sadness,0.004905559677954061
stressed,sadness,0.0016130932731935191
strictly,sadness,0.00028076325836973425
student,sadness,0.00027375871595079065
stupid,sadness,0.00767300062822347
submissive,sadness,0.0075386854881963365
suffer,sadness,0.003360588800081128
suffering,sadness,0.004039902172362687
suicide,sadness,0.00030135626291444214
summer,sadness,0.000282547640244098
super,sadness,0.0002938258023546816
suppous,sadness,0.00026020331155132497
sure,sadness,0.00028504070765801646
suspicious,sadness,0.00025227467878937316
taboo,sadness,0.00028270053398881886
take,sadness,0.0003878104866095459
talk,sadness,0.0007191813394535736
tattered,sadness,0.00030100711738140006
terrible,sadness,0.007978875665399131
terribly,sadness,0.0005732138804916064
terrify,sadness,0.000275208740497498
th,sadness,0.0003007746906785756
than,sadness,0.0007051549644105095
that,sadness,0.0011220784665604583
thaw,sadness,0.0002993281042246267
the,sadness,0.004431799919342749
their,sadness,0.0005378126559585216
then,sadness,0.00028270053398881886
these,sadness,0.00038986984473242056
they,sadness,0.00041177938333427966
theyd,sadness,0.00022934061708124832
thing,sadness,0.0008852399857647749
think,sadness,0.0015027467125511432
thinking,sadness,0.0002962885589185832
this,sadness,0.0008113804967239581
those,sadness,0.0002835464706097029
thousand,sadness,0.0002853785959155805
threaten,sadness,0.0002846894007823911
thrill,sadness,0.0002967937397522041
title,sadness,0.00030123981360354767
to,sadness,0.0036260050180312604
today,sadness,0.0006821885897583675
tone,sadness,0.0002530802002601086
tonight,sadness,0.0002229190798029733
torture,sadness,0.00025664879620386646
totally,sadness,0.00027245665309252306
tragic,sadness,0.006223151233024776
transpire,sadness,0.0002926386273956727
travel,sadness,5.0366898853211234e-05
trouble,sadness,0.003391946847287842
troubled,sadness,0.006966842638735245
true,sadness,0.0002746095922961245
trust,sadness,0.0002965514591483245
try,sadness,0.0002753246178619189
ugly,sadness,0.0079539758235803
unacceptable,sadness,0.0003008908703662072
uncomfortable,sadness,0.0002616448811444072
unfortunate,sadness,0.008081673707273834
ungrateful,sadness,0.007246274979665439
unhappy,sadness,0.007952691022444289
unimportant,sadness,0.008172477234577268
unity,sadness,0.00027549541626884936
unloved,sadness,0.0060798577437233695
unpleasant,sadness,0.006548474027230938
unprotected,sadness,0.00037803122621606625
unsuccessful,sadness,0.0022967313480420025
unwelcome,sadness,0.008585220072446048
up,sadness,0.0016737421895382863
upbeat,sadness,0.00027750214666831047
useless,sadness,0.007881906050976356
vain,sadness,0.007997101169837604
ve,sadness,0.0004405721061375473
very,sadness,0.0002839432022969754
veterinary,sadness,0.0003005425330788836
victimize,sadness,0.003597490292668429
victimized,sadness,0.0011769078823102186
village,sadness,0.00030176436769373586
violin,sadness,0.00029978987436084015
volunteer,sadness,0.0002960022897795314
vulnerable,sadness,0.0002556492621549973
want,sadness,0.0011418942088243403
wasnt,sadness,0.0002879239858576416
watch,sadness,0.0002879239858576416
we,sadness,0.0009085936282660458
week,sadness,0.0002971235105741503
weepy,sadness,0.005758883044506911
weird,sadness,0.00027173203433429805
well,sadness,0.00026690661015915657
what,sadness,0.0004828223517499967
when,sadness,0.001154529443442066
which,sadness,0.0002846894007823911
whiney,sadness,0.0017642717846009614
who,sadness,0.0002762879904602336
whole,sadness,0.00028276582375007703
whore,sadness,0.00024218369163779818
will,sadness,0.0002018197430314985
wistful,sadness,0.00015104252223319128
with,sadness,0.0012152649754309105
without,sadness,0.00024218369163779818
wont,sadness,0.00028224896409162004
work,sadness,0.000727619532376503
worthless,sadness,0.007445554533083053
would,sadness,0.0002728046181667156
write,sadness,0.0007622450648799198
wrongfully,sadness,0.00024667911260569894
yet,sadness,0.00029062042996535776
you,sadness,0.0017224356645514018
your,sadness,0.0006809292043322622
again,surprise,0.0015548429898060495
all,surprise,0.005021961787261358
always,surprise,0.0014537357134197543
amaze,surprise,0.0908996496138046
amazed,surprise,0.0216997951295602
amazing,surprise,0.010528240447212447
and,surprise,0.005564382684261572
any,surprise,0.0026660130373105987
around,surprise,0.0024754900309184613
attention,surprise,0.0016169185826754183
be,surprise,0.010317072451359346
because,surprise,0.0031572250869585554
beside,surprise,0.0013684857796081023
bit,surprise,0.006891700612587004
block,surprise,0.001216431804096091
boy,surprise,0.0014068410129868556
bungalow,surprise,0.0018240416236564906
but,surprise,0.003337060937411227
by,surprise,0.001216431804096091
calm,surprise,0.0016842901902868945
choke,surprise,0.0017942369110417352
company,surprise,0.0027631313829602046
complication,surprise,0.0018242840212129696
computer,surprise,0.0017354094713354458
consider,surprise,0.0028715006697539553
could,surprise,0.002655468260207168
curious,surprise,0.08423257863759637
daze,surprise,0.037077145324108635
dazed,surprise,0.016334162719800063
degree,surprise,0.0017106072245101278
demand,surprise,0.002443328861567507
disconnect,surprise,0.000547394311843241
enthral,surprise,0.009090125241542603
excited,surprise,0.0016943157271338413
exhibit,surprise,0.0017239159320103937
feel,surprise,0.013504172523853948
feeling,surprise,0.0035083882507705596
find,surprise,0.0008791484402330832
foggy,surprise,0.0005473943118432406
for,surprise,0.009459090988930462
from,surprise,0.001094788623686482
funny,surprise,0.0602095125881061
get,surprise,0.0027232984885500106
go,surprise,0.004996728095909347
goal,surprise,0.0016012453267380297
guest,surprise,0.0017617288197253717
have,surprise,0.0015639837481235459
here,surprise,0.0016219090721281211
if,surprise,0.005580703623729466
im,surprise,0.005684285625454338
impress,surprise,0.042868415740786744
impressed,surprise,0.057319472329951875
in,surprise,0.001216431804096091
it,surprise,0.0007298590824576544
just,surprise,0.0016668774157632552
know,surprise,0.002085311664164727
lately,surprise,0.004379154494745926
latter,surprise,0.000825435867065205
leave,surprise,0.002418059164328944
like,surprise,0.006449762038201803
lil,surprise,0.0016261133295155524
ludicrous,surprise,0.0020487317330345305
many,surprise,0.002505864414561691
mike,surprise,0.0003649295412288272
miss,surprise,0.0014597181649153089
myself,surprise,0.0019109037795254967
neighborhood,surprise,0.001216431804096091
not,surprise,0.005462138011295093
or,surprise,0.0016855213965663452
overwhelm,surprise,0.019126789133831472
overwhelmed,surprise,0.02785346159910967
paw,surprise,0.0018237992744071427
place,surprise,0.001767627465327132
provide,surprise,0.0016881181225375525
really,surprise,0.0054313961200456885
right,surprise,0.0015268266021845529
run,surprise,0.0013684857796081023
saw,surprise,0.0017657881027201307
set,surprise,0.003319096007643586
shock,surprise,0.043910460603977075
shocked,surprise,0.018126333991160887
situation,surprise,0.0022079349834408786
skin,surprise,0.0017408718138668426
slow,surprise,0.0016604985280345777
slugging,surprise,0.0016794285206472078
so,surprise,0.015630138399377012
someone,surprise,0.001776630661245605
spin,surprise,0.0017274911399728255
still,surprise,0.004063350084067135
story,surprise,0.0014755083854492471
strange,surprise,0.027754393103529076
stun,surprise,0.02162984640702941
stunned,surprise,0.010900229135033034
suit,surprise,0.0016377265367901563
support,surprise,0.0003041079510240227
surprise,surprise,0.051865421170633794
surprised,surprise,0.02499999139061414
swarm,surprise,0.0017516617978983703
that,surprise,0.008730865101228707
the,surprise,0.00164554855712208
their,surprise,0.0021027952223246415
this,surprise,0.005072222357446228
to,surprise,0.013564622200103283
tonight,surprise,0.0017274911399728255
usa,surprise,0.0009122026140223979
vain,surprise,0.0017902203909338677
vent,surprise,0.0017961375857356342
waft,surprise,0.0014805591293910814
want,surprise,0.0017577439569188538
way,surprise,0.001910591257520489
weight,surprise,0.0015895581092375056
weird,surprise,0.04243300183940869
whole,surprise,0.0024858215374208457
without,surprise,0.0020049907933793105
woman,surprise,0.0017453151971813482
world,surprise,0.0009123238530720682
worthless,surprise,0.0017753329032753776
would,surprise,0.002055840885285206
wrong,surprise,0.0013684857796081023
yardage,surprise,0.0017914722933051516
youre,surprise,0.0014597181649153089
