,ekman_anger,ekman_disgust,ekman_fear,ekman_joy,ekman_sadness,ekman_surprise
0,0,1,1,1,1,1
1,1,0,1,1,1,0
2,1,1,1,1,1,1
3,0,1,1,1,0,1
4,1,1,1,0,1,1
5,1,1,1,1,1,1
6,1,0,1,1,1,0
7,0,1,1,1,0,1
8,0,0,1,0,0,1
9,1,1,1,1,1,1
10,0,0,1,0,1,1
11,1,1,1,1,1,0
12,1,1,1,1,1,1
13,1,1,1,1,1,0
14,0,1,0,1,1,1
15,1,0,1,1,1,1
16,0,1,0,1,0,0
17,1,1,1,1,1,1
18,1,1,1,1,1,0
19,1,1,1,1,0,1
20,1,1,1,0,1,1
21,0,0,1,0,1,1
22,1,1,0,1,1,1
23,1,1,1,1,1,1
24,1,1,1,1,1,0
25,1,0,0,0,1,1
26,0,1,1,0,0,0
27,0,1,1,1,0,1
28,1,1,0,1,1,1
29,1,0,0,1,1,1
30,1,1,1,0,1,1
31,1,1,1,1,1,1
32,1,1,1,1,1,1
33,0,0,1,1,0,1
34,0,1,1,1,1,1
35,1,1,1,1,0,1
36,1,1,1,1,1,1
37,0,0,1,1,0,1
38,1,0,0,1,1,0
39,0,1,1,0,1,1
40,0,1,0,1,1,0
41,1,1,1,1,0,1
42,1,1,1,1,1,1
43,1,1,1,1,0,1
44,1,1,1,1,0,1
45,0,1,1,1,1,1
46,1,1,0,0,1,1
47,1,1,0,0,0,1
48,1,0,0,1,1,1
49,1,1,1,0,1,1
50,1,1,1,1,0,1
51,1,0,1,1,1,0
52,0,0,1,1,1,0
53,1,1,1,1,1,1
54,1,1,0,1,1,1
55,1,1,0,1,1,1
56,0,1,0,1,1,1
57,1,1,0,1,0,1
58,1,1,0,1,1,0
59,0,1,1,0,0,1
60,1,1,0,1,1,0
61,1,0,0,1,1,1
62,0,0,0,1,1,1
63,1,0,1,0,0,1
64,1,1,1,1,1,1
65,0,1,0,1,1,1
66,1,1,1,1,0,1
67,0,1,1,1,1,1
68,0,0,1,1,0,1
69,1,0,1,1,1,1
70,1,1,1,1,0,1
71,1,1,1,1,1,1
72,1,0,0,0,1,1
73,1,1,0,1,1,1
74,1,1,0,1,1,1
75,1,1,0,1,0,1
76,1,0,0,0,0,1
77,1,1,1,1,1,0
78,1,0,0,0,1,1
79,1,1,1,1,1,0
80,0,1,1,0,0,1
81,0,1,0,1,1,1
82,1,1,0,0,1,1
83,0,1,1,1,1,1
84,0,1,0,1,1,1
85,0,1,0,1,1,0
86,1,1,1,1,0,0
87,1,1,1,1,1,1
88,1,1,1,1,0,1
89,1,0,1,1,0,0
90,0,1,1,0,0,1
91,1,1,1,1,1,1
92,1,1,1,1,1,1
93,1,0,1,0,1,1
94,1,0,0,1,1,0
95,0,1,1,0,0,1
96,1,0,0,0,0,1
97,0,1,0,0,0,1
98,1,0,1,1,1,0
99,0,0,1,0,1,1
100,1,1,1,1,1,1
101,0,1,1,1,1,1
102,1,0,1,0,1,0
103,0,1,1,1,0,0
104,1,0,1,1,1,0
105,0,1,1,1,1,0
106,0,1,1,1,1,1
107,1,1,0,1,0,0
108,0,0,1,1,1,1
109,0,0,0,1,1,1
110,1,1,0,0,0,1
111,1,1,1,0,1,0
112,0,1,0,1,0,1
113,1,1,1,0,1,1
114,0,0,1,1,0,1
115,1,1,1,1,1,1
116,0,1,1,1,0,1
117,1,1,1,1,0,1
118,1,1,1,0,0,1
119,1,1,0,1,1,1
120,1,1,1,1,0,1
121,1,0,1,1,0,1
122,0,0,1,1,1,0
123,0,1,1,1,0,1
124,1,0,1,1,1,1
125,1,1,1,1,1,1
126,0,0,0,0,1,1
127,1,1,1,1,1,1
128,1,1,0,1,1,0
129,1,1,1,0,0,1
130,0,1,1,1,1,1
131,1,1,0,0,1,1
132,1,1,0,1,0,1
133,1,1,0,1,1,1
134,0,0,0,1,0,0
135,1,1,1,1,1,1
136,0,1,0,1,1,0
137,0,1,1,1,1,1
138,0,1,1,1,1,1
139,0,1,1,1,1,1
140,1,1,1,1,1,1
141,1,1,1,0,1,1
142,1,1,1,1,1,1
143,1,1,1,1,1,1
144,1,1,1,1,1,1
145,1,1,0,1,1,1
146,1,1,1,1,1,1
147,1,1,1,1,1,1
148,1,0,1,0,0,1
149,1,1,0,1,1,1
150,1,0,1,1,1,1
151,1,1,1,1,1,1
152,1,1,0,0,0,0
153,1,1,1,1,1,1
154,1,0,0,1,0,0
155,1,1,1,0,1,1
156,1,1,0,1,0,1
157,0,0,1,1,1,0
158,1,1,1,1,0,1
159,0,1,0,1,0,1
160,1,1,0,1,1,0
161,0,0,1,1,1,1
162,0,1,0,1,1,1
163,1,1,1,1,1,1
164,1,1,1,1,0,1
165,0,0,1,1,0,0
166,1,1,0,0,1,1
167,1,1,0,1,1,1
168,1,0,1,1,0,1
169,1,1,1,1,1,1
170,1,1,1,1,0,1
171,1,1,1,1,1,0
172,1,1,0,1,1,0
173,1,1,1,1,1,0
174,1,1,1,1,1,1
175,1,0,1,0,1,0
176,0,0,0,0,0,1
177,1,1,0,1,0,1
178,1,0,1,1,1,1
179,0,0,1,1,1,1
180,1,1,1,1,0,1
181,1,1,1,0,0,1
182,0,1,1,0,1,1
183,0,1,1,1,1,1
184,0,0,1,1,1,1
185,1,0,1,0,1,0
186,1,1,1,0,1,1
187,1,0,1,1,1,1
188,0,1,1,1,1,1
189,0,1,1,1,1,1
190,1,1,1,0,1,1
191,0,1,0,0,1,0
192,1,0,0,1,1,1
193,0,1,0,0,1,0
194,1,0,1,1,1,1
195,1,1,0,1,1,1
196,1,1,0,1,0,1
197,1,0,0,0,0,0
198,0,1,1,0,0,1
199,1,1,1,0,1,1
200,1,1,1,1,1,0
201,1,1,1,0,1,1
202,1,0,0,1,1,1
203,1,0,1,1,1,1
204,1,1,1,0,1,1
205,1,1,0,0,1,1
206,1,1,0,0,1,1
207,1,1,0,1,1,0
208,1,1,1,1,1,0
209,1,0,1,0,0,1
210,1,1,0,1,1,0
211,1,1,1,1,0,1
212,1,1,1,1,1,0
213,1,0,1,1,1,1
214,1,0,1,1,0,0
215,0,1,0,1,1,1
216,0,0,0,0,1,1
217,1,1,0,0,0,1
218,1,1,1,1,0,1
219,1,1,0,1,0,0
220,1,1,0,1,1,1
221,1,1,1,1,1,1
222,0,1,1,1,1,1
223,0,1,0,1,1,1
224,1,1,1,1,1,1
225,0,1,0,1,0,1
226,0,1,1,1,0,1
227,0,1,1,0,1,0
228,1,1,1,1,1,0
229,0,0,1,1,0,1
230,0,0,1,0,1,0
231,0,1,1,1,1,1
232,0,1,0,1,0,1
233,0,1,0,1,0,0
234,1,1,0,1,1,1
235,0,0,1,1,1,1
236,1,1,0,0,1,1
237,1,1,1,1,1,1
238,1,1,0,1,1,1
239,1,1,1,1,0,0
240,1,0,1,0,0,1
241,1,1,1,1,1,1
242,1,1,1,0,1,1
243,1,1,0,0,1,1
244,1,1,1,0,1,1
245,1,1,1,0,1,1
246,0,1,1,1,0,1
247,1,1,1,0,1,1
248,1,1,1,0,0,0
249,1,1,1,1,1,1
250,1,1,1,0,1,1
251,1,1,1,1,1,1
252,0,0,0,1,1,0
253,1,0,1,1,1,1
254,1,1,0,0,1,1
255,0,1,0,1,0,1
256,1,1,1,0,1,1
257,1,0,1,1,1,1
258,1,1,1,0,1,0
259,1,1,1,0,0,0
260,1,1,1,1,1,0
261,1,0,1,1,1,0
262,1,0,1,1,1,1
263,1,1,1,1,1,1
264,1,1,0,1,1,1
265,1,1,0,1,1,1
266,1,1,1,1,1,1
267,1,1,1,0,1,0
268,0,1,0,0,1,1
269,0,1,0,1,1,1
270,1,1,0,1,1,1
271,1,1,1,1,0,1
272,1,1,0,1,0,1
273,1,1,1,1,1,1
274,1,0,0,1,1,1
275,1,1,1,0,0,1
276,1,1,1,1,1,1
277,1,0,1,0,0,0
278,1,1,1,0,1,0
279,1,0,1,1,1,1
280,1,0,0,1,0,1
281,1,1,1,1,1,0
282,0,1,0,1,0,1
283,1,1,1,1,1,1
284,1,1,0,1,1,1
285,1,1,0,1,1,1
286,0,1,1,1,1,1
287,1,1,1,1,1,0
288,1,1,1,0,1,1
289,0,1,0,0,1,1
290,0,1,0,1,0,1
291,1,0,0,0,1,1
292,0,1,0,0,1,1
293,1,1,0,1,1,0
294,1,1,0,1,1,1
295,1,0,0,1,1,1
296,1,1,1,1,0,1
297,1,1,1,0,1,1
298,0,1,1,1,1,1
299,0,1,1,1,1,1
300,1,0,1,1,0,1
301,1,1,0,1,0,1
302,1,1,1,0,1,1
303,1,1,1,1,0,0
304,1,0,1,1,1,1
305,1,1,1,1,1,1
306,1,1,1,1,1,1
307,1,1,1,0,1,1
308,1,1,1,1,1,1
309,0,1,0,0,1,0
310,0,1,1,0,0,1
311,1,1,1,1,1,0
312,1,1,1,0,1,0
313,1,1,1,0,1,1
314,1,1,1,1,1,0
315,1,0,0,1,0,1
316,0,1,0,0,0,1
317,1,1,1,0,1,1
318,1,1,1,1,1,1
319,1,1,1,0,1,1
320,1,1,0,0,0,0
321,0,1,1,0,0,1
322,1,0,0,1,0,0
323,1,1,1,1,1,0
324,1,1,0,1,1,1
325,1,1,1,1,1,1
326,0,1,1,0,1,0
327,1,1,1,1,1,1
328,1,1,0,1,1,1
329,1,1,1,1,0,1
330,1,1,1,1,1,1
331,1,0,1,1,1,1
332,1,1,1,0,0,1
333,1,1,1,0,1,1
334,1,1,1,1,1,1
335,1,0,0,1,0,0
336,0,0,0,0,1,1
337,1,1,0,1,1,1
338,1,1,0,0,1,0
339,1,1,1,1,1,1
340,1,0,1,1,0,0
341,1,1,0,1,1,1
342,1,1,1,0,1,1
343,1,1,1,0,1,1
344,1,1,1,1,0,1
345,0,1,1,1,0,1
346,1,0,0,1,1,1
347,0,1,1,1,1,1
348,1,1,1,1,1,0
349,1,0,1,1,0,1
350,1,1,0,1,1,1
351,0,1,1,1,1,0
352,1,0,1,1,1,1
353,0,1,0,1,1,1
354,1,1,1,1,0,0
355,1,1,1,0,0,1
356,1,1,1,0,1,0
357,1,1,1,0,1,1
358,1,1,0,0,1,0
359,1,0,1,1,0,0
360,1,1,1,0,1,1
361,1,1,1,0,1,1
362,1,1,0,1,1,1
363,0,1,1,1,1,1
364,1,1,0,1,1,1
365,1,1,1,1,0,1
366,1,0,1,1,1,0
367,0,0,0,1,1,1
368,1,0,0,1,1,1
369,1,1,1,1,0,0
370,1,1,1,0,0,0
371,1,0,0,1,0,0
372,1,0,1,1,1,1
373,1,1,0,0,0,1
374,1,0,0,0,1,1
375,1,1,1,1,1,1
376,0,1,1,1,1,1
377,1,1,1,1,0,0
378,1,1,1,1,0,0
379,1,1,1,1,1,1
380,1,1,1,1,0,1
381,1,1,1,1,1,1
382,1,1,0,1,1,0
383,0,1,0,1,1,1
384,0,1,0,1,1,1
385,1,0,1,1,1,1
386,1,1,0,1,1,1
387,1,1,1,0,1,1
388,0,1,0,0,1,1
389,1,1,1,1,1,1
390,0,0,1,1,1,1
391,1,1,0,1,1,1
392,1,1,1,1,0,1
393,1,1,1,0,1,1
394,1,1,0,1,0,1
395,1,1,1,1,1,0
396,1,1,1,1,1,1
397,1,1,1,0,0,1
398,1,1,1,0,1,0
399,1,1,0,1,1,1
400,1,1,1,1,1,1
401,1,1,1,1,1,1
402,0,1,1,0,1,0
403,1,1,1,1,1,1
404,1,0,0,1,0,0
405,1,0,0,1,1,1
406,0,1,1,1,0,1
407,1,1,1,1,1,1
408,0,1,1,1,1,1
409,1,1,1,1,1,0
410,1,1,1,1,1,1
411,1,1,1,1,1,0
412,1,0,1,1,1,1
413,1,0,1,1,1,1
414,0,1,0,0,0,1
415,1,1,1,0,1,1
416,1,1,1,0,1,1
417,0,1,1,0,1,0
418,1,1,0,1,0,1
419,0,0,1,1,1,1
420,1,0,1,1,0,1
421,1,1,0,1,1,0
422,1,1,1,0,1,1
423,1,0,1,1,1,0
424,1,1,0,1,1,1
425,1,1,0,1,1,1
426,1,1,1,1,1,1
427,0,1,1,1,0,0
428,1,1,1,0,1,0
429,0,1,1,0,1,1
430,0,0,1,1,1,1
431,1,1,1,1,1,1
432,1,0,1,0,0,1
433,1,1,1,0,0,1
434,1,1,0,1,1,1
435,1,1,1,0,1,0
436,1,0,1,1,0,1
437,1,1,0,1,1,1
438,1,0,1,1,1,1
439,1,1,1,1,0,1
440,1,0,1,1,0,1
441,0,0,1,1,0,1
442,1,0,1,0,1,0
443,1,1,1,0,0,1
444,1,0,0,1,0,1
445,1,0,1,1,1,1
446,1,0,0,1,1,1
447,1,1,1,1,1,1
448,1,0,1,1,1,1
449,1,1,1,1,0,0
450,1,1,0,1,1,1
451,1,1,0,1,1,1
452,1,1,1,1,1,0
453,1,1,0,1,1,1
454,0,1,1,0,1,1
455,1,0,1,0,1,1
456,1,0,1,0,1,0
457,1,1,1,1,1,1
458,1,0,1,0,1,1
459,0,1,0,0,1,1
460,0,1,1,1,1,1
461,1,1,0,1,1,1
462,0,0,1,0,1,1
463,0,1,1,1,1,1
464,0,0,1,0,1,0
465,1,1,1,1,1,1
466,0,0,1,1,1,1
467,1,0,1,1,1,1
468,1,1,1,0,1,1
469,0,1,0,1,1,0
470,0,1,1,0,0,1
471,0,0,1,1,1,1
472,1,1,0,0,1,0
473,1,1,1,1,1,1
474,0,1,1,1,1,1
475,1,1,1,1,1,1
476,1,1,0,1,0,0
477,1,1,1,1,1,0
478,0,1,1,1,1,0
479,0,1,1,1,1,1
480,1,1,1,0,1,1
481,1,1,0,1,1,1
482,1,0,1,1,1,0
483,0,1,1,1,0,1
484,0,1,0,1,0,0
485,0,1,1,1,0,0
486,0,0,0,1,1,0
487,1,0,1,0,1,0
488,1,1,1,1,1,1
489,0,1,0,1,0,1
490,1,0,1,0,1,1
491,0,1,1,0,1,1
492,1,1,1,0,0,1
493,1,1,1,1,0,0
494,0,1,0,1,1,1
495,1,1,1,1,1,0
496,0,1,0,0,0,1
497,1,1,0,1,0,1
498,1,0,0,0,1,0
499,1,1,1,1,1,1
500,0,1,1,1,1,0
501,0,0,0,1,1,1
502,1,1,1,1,1,0
503,1,0,1,1,0,1
504,1,1,0,0,0,1
505,0,1,1,1,1,1
506,1,1,1,1,0,1
507,0,0,1,1,0,1
508,1,0,0,1,0,1
509,0,1,1,1,0,0
510,1,0,1,1,1,0
511,0,1,1,1,1,1
512,0,0,1,1,1,1
513,1,1,1,1,1,1
514,1,1,1,0,0,1
515,1,1,1,0,1,1
516,1,1,1,1,0,1
517,1,1,1,1,0,1
518,1,1,1,1,0,1
519,1,1,1,1,0,1
520,1,1,0,1,0,1
521,0,1,1,1,0,1
522,1,1,0,0,1,1
523,0,1,1,1,1,1
524,1,1,1,0,1,1
525,1,0,1,1,1,0
526,0,1,1,1,1,0
527,1,0,1,0,1,1
528,1,1,0,1,0,1
529,1,1,1,1,1,1
530,1,1,0,1,1,0
531,1,1,1,1,0,0
532,1,1,1,0,1,1
533,1,1,1,1,1,0
534,1,1,0,1,1,0
535,1,1,0,1,1,0
536,1,0,1,0,1,1
537,1,1,1,1,1,1
538,1,1,0,1,1,1
539,1,1,1,1,1,1
540,1,1,0,1,0,1
541,0,0,0,1,1,1
542,1,1,1,0,0,0
543,0,1,1,1,0,1
544,1,1,1,1,1,1
545,1,1,1,1,0,1
546,0,1,0,1,0,1
547,1,0,0,1,1,0
548,1,1,0,1,1,1
549,1,1,1,1,1,1
550,1,1,0,1,1,0
551,1,1,1,0,1,1
552,1,1,1,1,1,1
553,0,1,1,1,0,0
554,1,1,1,0,1,1
555,1,0,1,0,1,1
556,1,0,1,0,0,1
557,1,0,1,1,1,1
558,1,1,1,1,1,1
559,1,0,1,0,0,1
560,1,1,0,1,1,1
561,0,0,1,1,1,1
562,1,1,1,1,1,1
563,1,1,1,1,1,0
564,1,0,1,1,1,1
565,0,1,0,0,1,1
566,0,1,1,1,1,0
567,1,0,0,1,1,1
568,1,1,0,1,1,1
569,1,1,1,0,1,1
570,1,1,1,0,1,1
571,1,0,0,0,0,0
572,1,1,1,1,1,1
573,1,1,1,1,1,1
574,1,1,1,1,0,1
575,1,1,1,1,1,1
576,1,1,1,0,1,0
577,1,0,0,1,1,0
578,1,1,1,1,1,1
579,1,1,1,1,1,1
580,1,1,1,1,0,0
581,1,1,0,0,1,1
582,1,1,1,1,0,1
583,1,1,1,0,0,1
584,1,1,1,1,1,1
585,1,1,0,1,1,1
586,1,1,1,1,1,1
587,1,0,1,1,1,1
588,0,1,1,1,1,0
589,0,1,0,0,0,1
590,0,1,1,1,1,0
591,1,1,1,0,0,1
592,0,0,1,1,1,1
593,0,1,1,1,1,1
594,1,1,0,0,0,1
595,1,1,1,0,0,0
596,1,1,1,1,1,1
597,1,1,0,1,1,0
598,1,1,1,1,1,1
599,1,1,0,1,1,1
600,1,1,1,1,1,0
601,0,1,1,1,1,1
602,1,0,1,1,1,1
603,0,1,0,1,1,1
604,1,1,0,1,1,1
605,1,1,1,0,1,1
606,1,1,0,0,1,0
607,1,1,0,1,1,1
608,0,1,1,1,1,1
609,1,0,1,0,1,1
610,0,1,1,1,1,0
611,1,0,1,0,0,1
612,1,0,1,1,1,1
613,1,1,0,1,0,1
614,1,0,1,1,1,0
615,1,0,1,1,1,1
616,1,1,1,1,0,1
617,1,0,0,1,0,1
618,1,0,1,1,1,1
619,1,1,1,1,1,0
620,1,1,1,1,1,1
621,1,0,1,0,1,1
622,1,1,1,1,1,1
623,1,1,1,1,1,1
624,1,1,0,1,1,1
625,0,1,1,1,1,1
626,1,0,1,0,1,1
627,0,0,1,1,0,1
628,1,1,1,1,1,1
629,1,1,0,1,0,1
630,1,0,1,1,1,0
631,0,1,1,1,1,1
632,0,0,1,1,0,1
633,1,1,0,1,1,1
634,0,1,1,0,1,0
635,1,1,1,0,1,0
636,0,1,1,0,0,0
637,1,1,0,1,0,1
638,1,1,1,1,1,1
639,1,1,1,1,0,1
640,1,1,0,0,1,1
641,1,1,0,1,1,1
642,1,0,1,0,1,1
643,1,1,1,0,1,1
644,1,1,0,1,1,1
645,1,1,0,1,1,1
646,0,0,1,0,1,1
647,1,1,0,1,1,0
648,0,1,1,1,1,0
649,0,1,1,0,1,1
650,1,1,1,1,1,1
651,0,1,1,0,0,1
652,1,1,1,0,1,0
653,0,1,1,0,1,0
654,1,1,0,0,1,0
655,1,1,0,0,1,0
656,1,1,1,1,1,1
657,0,0,1,0,1,1
658,1,1,1,0,1,1
659,1,1,1,1,0,1
660,1,1,1,1,1,1
661,1,0,1,1,0,0
662,0,1,1,1,0,1
663,1,1,1,1,1,1
664,0,1,1,1,1,1
665,1,1,0,1,1,0
666,1,1,1,0,1,1
667,1,0,1,1,0,0
668,1,0,0,1,1,1
669,1,0,1,1,1,1
670,1,0,1,1,1,1
671,1,0,1,1,1,1
672,1,0,1,0,0,1
673,0,1,1,1,1,1
674,0,1,0,1,1,1
675,0,0,1,1,1,0
676,1,1,1,1,1,1
677,1,1,0,1,1,1
678,0,1,1,1,1,1
679,1,1,1,0,1,0
680,1,0,1,1,0,0
681,1,1,1,1,0,0
682,0,1,1,0,1,1
683,1,1,0,1,1,1
684,1,1,0,1,1,1
685,0,1,0,1,1,1
686,1,1,1,1,0,1
687,1,1,0,1,1,1
688,1,1,0,0,1,1
689,1,0,1,0,1,1
690,0,1,0,0,0,1
691,1,1,0,0,1,0
692,0,1,1,1,1,1
693,0,1,0,1,1,1
694,1,0,0,0,0,0
695,1,1,1,1,1,1
696,0,0,0,1,1,0
697,1,1,1,1,1,1
698,1,1,0,1,1,1
699,0,1,1,1,0,0
700,1,0,1,1,0,1
701,1,0,1,0,0,1
702,1,1,1,1,0,1
703,0,1,1,1,1,1
704,1,1,0,1,1,1
705,0,0,1,1,1,0
706,1,1,1,1,1,1
707,1,0,1,0,1,1
708,1,1,1,1,1,1
709,0,1,1,1,1,1
710,0,1,1,1,1,1
711,1,1,1,0,1,0
712,1,1,1,1,1,1
713,1,1,1,0,0,0
714,1,0,0,1,1,1
715,1,1,1,1,1,1
716,1,1,0,1,1,1
717,1,1,0,1,1,0
718,1,1,0,1,0,1
719,1,0,1,1,1,1
720,1,1,1,1,1,1
721,1,0,0,1,0,1
722,1,1,0,1,0,1
723,1,0,0,1,1,0
724,0,1,1,0,1,1
725,0,1,1,1,0,0
726,1,0,1,1,1,1
727,0,1,1,1,1,1
728,1,1,1,1,1,1
729,0,1,1,1,0,1
730,1,1,1,0,1,0
731,1,0,0,1,1,0
732,1,1,1,1,1,0
733,0,1,1,1,1,0
734,0,1,1,1,1,1
735,0,1,1,1,0,1
736,0,0,1,0,1,1
737,1,1,0,0,1,1
738,1,1,0,0,0,1
739,0,0,0,0,0,1
740,1,1,1,1,0,1
741,0,0,1,1,0,1
742,1,1,1,1,0,1
743,1,1,1,1,1,0
744,1,0,1,0,1,0
745,1,0,0,1,0,1
746,1,0,1,1,1,0
747,0,1,0,1,1,0
748,0,0,1,1,1,1
749,1,0,0,1,1,0
750,0,0,1,0,1,1
751,1,0,1,1,1,0
752,1,0,0,1,0,0
753,0,1,1,1,1,1
754,1,1,1,1,1,1
755,0,0,0,1,1,1
756,1,1,1,1,1,0
757,1,0,1,1,0,1
758,1,0,1,1,0,1
759,1,1,1,1,1,1
760,1,1,1,0,1,1
761,1,0,0,1,1,0
762,1,0,1,1,1,1
763,1,0,1,1,1,1
764,0,0,0,1,0,1
765,1,1,1,1,0,1
766,1,1,1,1,0,1
767,0,0,1,1,1,1
768,0,1,1,0,0,0
769,1,1,0,1,0,1
770,1,1,0,1,0,1
771,1,1,1,1,1,0
772,0,1,0,1,0,1
773,1,0,1,1,0,1
774,0,1,1,1,1,1
775,1,1,0,1,1,1
776,1,0,0,0,1,1
777,1,1,1,1,1,1
778,1,1,1,1,0,1
779,1,1,1,1,1,1
780,1,1,1,1,1,1
781,0,1,1,1,0,1
782,1,1,1,0,1,1
783,0,0,1,1,1,0
784,1,0,1,1,1,1
785,1,1,1,1,1,0
786,1,1,0,1,0,1
787,1,1,1,1,1,0
788,1,0,1,0,1,1
789,1,1,1,1,0,1
790,0,1,0,0,0,1
791,1,1,1,0,1,0
792,0,0,0,1,1,1
793,1,1,1,1,1,0
794,0,1,0,1,1,0
795,0,0,1,1,1,1
796,1,1,1,1,0,1
797,1,1,1,0,1,0
798,0,0,0,1,1,0
799,1,1,1,1,1,1
800,1,1,0,0,0,1
801,1,0,1,1,1,1
802,1,1,1,1,1,1
803,1,0,0,1,1,1
804,0,0,0,1,1,1
805,1,0,1,1,1,1
806,1,1,0,1,1,1
807,0,0,0,1,1,1
808,1,1,0,1,1,0
809,1,1,1,0,0,0
810,1,1,1,0,1,0
811,1,0,0,0,1,0
812,1,1,0,1,1,1
813,1,1,1,1,1,1
814,1,0,0,1,1,1
815,1,1,1,1,1,0
816,0,1,0,0,0,1
817,0,1,1,1,0,1
818,0,1,0,1,1,1
819,1,0,0,1,0,0
820,1,1,1,1,1,1
821,1,1,0,1,0,1
822,1,1,0,1,1,0
823,1,1,1,1,1,1
824,0,1,0,0,1,0
825,1,0,1,1,1,1
826,0,1,1,1,1,1
827,0,0,1,1,1,1
828,1,0,1,1,1,1
829,1,0,1,0,1,0
830,1,1,1,1,1,0
831,1,1,1,1,1,1
832,1,1,1,1,1,1
833,1,1,1,1,1,1
834,0,0,1,0,0,1
835,0,0,1,1,0,0
836,1,0,0,1,1,1
837,1,1,1,1,0,1
838,1,1,1,1,1,1
839,1,1,1,1,1,1
840,0,0,1,1,1,1
841,1,1,1,0,1,1
842,1,1,0,1,0,0
843,1,0,1,1,1,0
844,0,1,1,1,1,1
845,1,1,0,1,1,1
846,1,1,0,0,1,1
847,0,1,1,1,1,1
848,1,1,1,1,1,0
849,1,1,1,0,1,1
850,1,1,0,0,1,1
851,0,1,1,1,1,1
852,1,0,1,0,0,0
853,1,1,1,0,0,0
854,1,0,0,1,1,1
855,1,0,1,1,0,1
856,1,1,1,0,0,1
857,1,1,1,1,0,1
858,1,1,1,0,1,1
859,1,1,1,0,1,1
860,1,1,0,1,1,1
861,1,1,0,0,1,1
862,1,1,1,1,1,1
863,1,0,0,0,1,0
864,0,0,0,1,0,1
865,1,1,0,1,1,1
866,1,0,1,1,1,0
867,1,0,1,0,1,0
868,0,1,1,1,0,1
869,1,1,0,1,1,1
870,1,1,1,1,0,1
871,1,1,1,1,1,1
872,1,1,0,0,1,1
873,1,1,1,0,1,1
874,1,0,1,1,1,1
875,1,1,1,1,0,0
876,1,0,1,0,1,1
877,1,1,1,1,1,1
878,1,1,0,1,1,1
879,1,0,1,1,0,1
880,1,0,1,0,1,1
881,1,1,1,1,1,1
882,1,1,0,1,0,1
883,1,0,1,1,1,1
884,1,1,0,1,1,0
885,0,1,1,1,1,1
886,1,1,1,1,1,1
887,0,0,1,0,1,1
888,1,0,1,1,1,1
889,1,0,0,1,0,1
890,1,1,1,1,1,1
891,1,0,1,1,0,1
892,0,1,1,0,0,1
893,0,1,1,1,1,1
894,1,1,0,0,1,1
895,1,0,1,0,1,1
896,1,0,1,1,1,1
897,1,1,0,0,1,1
898,1,1,1,0,1,1
899,1,1,0,1,0,1
900,0,0,1,1,0,1
901,1,1,1,1,1,0
902,1,1,1,0,1,0
903,0,1,1,1,1,1
904,0,1,0,1,1,1
905,1,1,1,1,1,1
906,0,1,1,1,1,0
907,1,1,0,1,1,1
908,1,1,1,1,1,0
909,0,0,0,0,1,0
910,1,0,0,1,1,1
911,1,1,0,1,1,1
912,0,1,1,1,1,1
913,1,1,1,0,0,1
914,1,0,0,0,1,0
915,1,0,1,1,1,0
916,1,1,1,1,0,1
917,1,1,1,1,1,1
918,1,1,1,1,1,1
919,1,0,0,1,0,1
920,1,1,0,1,0,1
921,1,1,1,0,1,1
922,1,1,1,1,1,0
923,0,1,1,0,1,1
924,0,1,1,1,0,1
925,1,0,0,1,1,1
926,0,1,1,1,1,1
927,1,1,1,0,1,1
928,1,1,1,1,0,1
929,1,1,1,1,1,1
930,1,0,1,1,0,0
931,1,1,1,1,1,1
932,1,0,1,1,1,0
933,1,1,1,1,1,0
934,1,1,1,1,0,1
935,0,1,1,1,1,1
936,1,1,1,1,1,1
937,1,1,1,1,1,1
938,0,1,1,1,1,1
939,0,1,1,1,1,1
940,0,1,1,0,1,0
941,1,1,1,0,1,1
942,1,1,0,1,0,1
943,1,0,0,1,1,1
944,0,1,0,1,1,1
945,1,0,0,1,1,0
946,0,0,1,1,1,1
947,1,1,0,1,1,0
948,0,0,1,1,1,1
949,1,1,1,1,1,0
950,1,0,1,1,1,1
951,1,1,1,0,1,1
952,0,1,1,1,1,1
953,1,1,0,1,0,1
954,0,0,1,1,1,0
955,0,0,1,1,0,1
956,1,1,1,1,0,0
957,1,0,1,1,1,1
958,0,1,1,1,1,1
959,1,1,1,0,1,0
960,1,1,1,1,1,1
961,1,1,0,1,0,1
962,0,1,1,0,1,0
963,0,1,1,1,1,1
964,1,1,1,1,1,1
965,1,1,1,1,1,1
966,1,0,1,1,0,1
967,1,1,1,0,0,1
968,0,1,1,1,1,0
969,0,0,1,1,0,1
970,1,1,1,1,1,1
971,1,1,1,1,0,1
972,1,1,1,1,0,1
973,1,1,1,1,1,1
974,1,1,1,1,1,0
975,0,0,1,0,1,1
976,1,1,1,1,1,1
977,1,1,1,1,0,0
978,1,1,1,1,1,1
979,1,1,1,1,1,1
980,1,1,1,1,1,1
981,1,1,1,1,1,1
982,1,1,1,1,1,1
983,1,0,1,1,1,1
984,1,1,0,1,1,1
985,1,1,1,1,1,1
986,0,1,1,1,1,1
987,0,1,0,0,1,1
988,0,0,1,0,1,1
989,1,1,1,0,0,1
990,1,1,1,0,1,1
991,1,0,0,0,0,1
992,0,1,1,1,1,0
993,0,0,0,0,0,0
994,0,1,0,1,1,1
995,0,0,1,0,0,0
996,0,1,0,1,1,1
997,1,1,0,1,1,1
998,1,1,0,1,1,1
999,0,0,1,1,1,1
1000,0,0,1,1,1,1
1001,1,1,0,1,0,1
1002,1,1,1,1,0,1
1003,0,1,1,1,1,1
1004,1,1,1,0,0,0
1005,1,0,1,0,0,1
1006,0,1,1,1,1,1
1007,1,0,0,0,1,0
1008,1,1,1,1,1,1
1009,1,1,1,0,1,1
1010,1,1,1,1,1,1
1011,1,1,1,1,1,1
1012,1,1,1,1,1,1
1013,1,0,1,1,1,1
1014,1,1,0,1,1,1
1015,1,1,1,1,1,0
1016,1,1,1,1,0,1
1017,1,1,1,0,1,1
1018,1,1,1,1,1,0
1019,1,1,1,1,1,1
1020,0,1,1,1,0,0
1021,1,1,1,0,0,1
1022,0,1,1,0,1,1
1023,0,0,1,1,0,1
1024,1,0,1,0,1,1
1025,1,1,1,1,1,0
1026,1,0,1,1,1,1
1027,0,0,1,1,1,1
1028,1,1,1,1,1,1
1029,1,1,0,1,1,1
1030,1,1,1,1,1,0
1031,1,1,1,0,1,1
1032,1,1,0,1,0,1
1033,0,0,0,0,1,1
1034,0,1,1,1,0,1
1035,1,1,1,1,1,1
1036,1,1,1,1,1,1
1037,1,1,1,1,1,1
1038,1,1,0,1,1,1
1039,0,1,1,1,1,1
1040,0,1,0,1,1,0
1041,1,0,1,0,0,0
1042,1,1,0,1,1,1
1043,1,0,1,0,0,0
1044,0,1,1,0,1,0
1045,1,0,1,0,1,1
1046,1,0,0,1,1,0
1047,0,1,1,1,1,1
1048,1,1,1,0,1,1
1049,1,1,0,1,1,1
1050,1,1,0,0,1,1
1051,0,1,1,1,0,1
1052,1,0,0,1,0,1
1053,0,1,0,0,1,0
1054,1,1,1,0,1,0
1055,0,1,0,0,1,1
1056,1,1,1,1,0,0
1057,1,0,0,0,1,0
1058,1,0,1,1,1,0
1059,0,1,0,1,1,1
1060,1,0,1,0,0,1
1061,1,1,1,1,0,1
1062,1,1,1,1,1,0
1063,1,1,1,1,1,1
1064,1,1,1,1,0,1
1065,1,1,1,1,1,1
1066,0,1,1,1,1,1
1067,1,1,1,1,1,1
1068,0,1,1,1,0,0
1069,1,1,1,0,0,1
1070,1,1,1,0,1,1
1071,0,1,1,1,1,0
1072,1,0,0,1,0,0
1073,1,1,1,0,1,1
1074,1,1,0,1,0,1
1075,1,1,0,1,0,0
1076,1,1,1,1,0,1
1077,1,1,1,1,1,0
1078,1,0,1,1,1,1
1079,1,1,0,1,1,1
1080,0,1,1,1,0,1
1081,1,1,0,1,1,1
1082,1,0,1,0,0,0
1083,1,1,0,0,1,1
1084,1,1,1,1,0,0
1085,1,0,1,1,1,1
1086,1,1,1,1,1,1
1087,1,1,1,1,0,0
1088,0,1,1,1,1,1
1089,1,1,1,1,1,1
1090,0,1,0,0,1,1
1091,0,1,0,0,1,1
1092,0,0,1,0,1,1
1093,1,1,0,0,0,0
1094,1,1,1,1,1,1
1095,0,1,1,1,1,1
1096,1,1,0,1,0,1
1097,1,1,1,1,1,1
1098,1,0,0,1,0,1
1099,0,1,0,1,1,0
1100,0,0,1,1,1,1
1101,0,1,0,1,0,0
1102,1,1,1,1,1,1
1103,0,1,1,0,1,1
1104,0,0,1,0,0,1
1105,1,0,1,1,0,1
1106,1,1,1,1,0,1
1107,1,1,1,0,0,1
1108,0,0,0,0,0,0
1109,1,1,1,1,0,1
1110,1,1,0,1,0,0
1111,0,1,1,1,1,1
1112,1,1,1,1,0,0
1113,0,0,0,0,1,0
1114,1,1,1,1,1,0
1115,1,1,0,0,1,0
1116,1,0,1,0,1,1
1117,1,1,0,1,1,1
1118,1,1,1,0,1,1
1119,0,1,1,1,0,1
1120,1,1,0,1,0,1
1121,1,1,1,1,0,1
1122,0,1,1,1,0,0
1123,0,1,0,0,0,1
1124,0,1,1,1,1,0
1125,1,0,0,0,1,1
1126,1,1,0,1,1,1
1127,1,0,0,1,0,1
1128,1,0,0,1,1,0
1129,1,0,1,1,1,1
1130,1,1,1,1,1,1
1131,1,0,0,1,1,1
1132,0,1,0,1,1,1
1133,1,1,1,0,0,1
1134,1,1,0,1,0,1
1135,0,1,1,1,1,0
1136,1,0,1,1,0,1
1137,0,1,1,1,0,1
1138,1,0,1,1,1,1
1139,1,1,1,1,1,1
1140,0,1,0,1,0,0
1141,1,1,0,1,1,0
1142,0,0,1,1,0,1
1143,1,1,1,1,1,0
1144,1,1,1,1,0,0
1145,1,1,1,1,1,1
1146,0,0,1,1,0,1
1147,1,1,0,1,0,1
1148,1,1,1,1,1,1
1149,1,1,1,0,1,0
1150,1,1,1,1,1,1
1151,0,1,0,1,1,0
1152,1,1,1,1,0,1
1153,1,0,1,1,1,0
1154,1,0,1,1,1,0
1155,1,1,1,1,1,1
1156,1,0,1,1,0,0
1157,1,1,0,1,1,1
1158,1,0,1,1,0,0
1159,1,1,1,1,1,1
1160,1,0,1,1,1,1
1161,0,1,0,1,0,1
1162,0,0,1,1,1,1
1163,1,0,0,1,1,0
1164,1,1,0,0,0,1
1165,0,1,0,0,1,1
1166,1,1,0,1,0,0
1167,0,1,0,1,1,1
1168,1,1,1,0,0,1
1169,0,1,1,1,1,1
1170,1,1,1,1,0,1
1171,1,1,1,1,1,1
1172,1,0,0,0,0,1
1173,1,0,0,1,1,0
1174,1,1,1,1,1,0
1175,1,1,1,1,0,1
1176,1,1,1,1,1,1
1177,0,1,1,1,1,1
1178,0,1,1,1,1,1
1179,1,1,1,1,0,0
1180,1,1,1,1,1,1
1181,1,1,0,1,1,1
1182,1,0,0,1,0,0
1183,1,0,0,1,1,1
1184,1,1,1,1,1,0
1185,0,1,1,1,1,1
1186,1,1,1,0,1,1
1187,0,1,1,1,1,0
1188,0,0,1,1,0,0
1189,0,0,0,1,1,1
1190,0,1,0,1,0,0
1191,0,1,1,0,1,1
1192,1,1,0,1,1,0
1193,1,1,1,1,1,1
1194,0,0,0,1,1,1
1195,1,1,0,1,0,0
1196,1,0,0,1,1,1
1197,1,1,1,1,1,1
1198,1,0,0,0,1,0
1199,1,0,0,1,0,1
1200,0,1,0,1,1,1
1201,1,1,1,0,1,1
1202,1,1,0,1,0,1
1203,0,1,1,1,1,1
1204,0,1,1,0,1,1
1205,1,1,1,1,1,1
1206,1,0,0,1,0,1
1207,1,0,1,1,1,0
1208,1,1,0,1,1,1
1209,1,1,1,1,0,1
1210,1,1,1,0,1,1
1211,1,1,1,1,1,1
1212,0,1,0,0,0,1
1213,1,1,0,1,1,1
1214,1,1,1,0,1,1
1215,1,1,0,0,1,1
1216,1,0,0,1,0,1
1217,1,1,1,1,0,1
1218,0,1,1,0,1,1
1219,1,0,1,0,1,1
1220,1,1,1,0,1,1
1221,1,1,0,1,1,0
1222,1,1,1,0,1,0
1223,0,0,0,0,0,0
1224,1,0,1,1,1,0
1225,1,1,1,1,0,1
1226,0,0,1,1,0,1
1227,0,1,1,1,0,0
1228,0,1,1,1,1,0
1229,1,1,1,1,1,1
1230,1,1,1,1,0,1
1231,1,0,1,1,1,1
1232,1,0,1,1,1,1
1233,1,0,1,0,1,0
1234,0,0,0,0,1,1
1235,1,1,0,0,1,1
1236,1,1,1,1,0,1
1237,1,1,1,1,1,1
1238,0,1,1,1,1,1
1239,1,1,0,1,1,1
1240,1,0,1,1,1,0
1241,1,1,1,1,1,1
1242,1,1,1,0,0,1
1243,1,1,1,1,1,1
1244,0,1,1,1,1,1
1245,0,1,1,0,0,1
1246,1,0,1,1,1,1
1247,1,1,1,1,1,1
1248,1,1,1,1,1,1
1249,1,1,1,1,1,0
1250,1,0,0,1,1,1
1251,1,1,0,1,1,1
1252,0,0,0,1,1,1
1253,0,1,0,0,1,1
1254,0,1,1,0,1,1
1255,1,0,0,1,0,1
1256,1,1,1,1,0,1
1257,1,1,1,0,1,0
1258,1,1,1,1,1,0
1259,1,1,1,0,1,0
1260,1,0,1,1,0,1
1261,1,0,1,1,0,1
1262,0,0,1,1,1,1
1263,0,1,0,1,1,0
1264,1,1,1,0,1,1
1265,1,0,1,1,1,0
1266,1,1,1,0,0,1
1267,0,1,0,1,1,1
1268,1,0,1,1,1,1
1269,1,0,0,1,0,1
1270,1,0,1,1,1,1
1271,0,1,1,1,1,0
1272,1,0,1,1,1,1
1273,0,1,1,0,0,1
1274,0,1,1,1,1,1
1275,1,1,1,1,1,1
1276,1,1,0,1,1,1
1277,1,1,1,1,0,1
1278,0,1,0,1,1,1
1279,1,1,1,1,1,1
1280,1,0,0,0,1,1
1281,1,1,1,1,0,1
1282,1,1,0,1,1,1
1283,1,1,1,1,1,1
1284,1,1,1,0,0,1
1285,0,1,1,1,1,1
1286,1,0,1,1,1,1
1287,1,0,1,1,0,1
1288,1,1,1,1,0,1
1289,1,1,0,1,1,1
1290,1,1,1,1,1,1
1291,0,1,1,1,1,1
1292,1,1,1,1,0,1
1293,1,1,1,1,1,1
1294,1,1,0,0,1,1
1295,1,1,1,1,1,1
1296,1,1,1,1,0,0
1297,0,1,1,0,1,1
1298,1,1,1,1,1,1
1299,1,1,1,1,1,1
1300,1,1,1,1,1,1
1301,1,1,1,1,1,1
1302,1,1,0,1,1,0
1303,0,1,1,1,1,0
1304,1,1,1,1,1,0
1305,1,0,1,1,1,0
1306,1,1,1,1,1,1
1307,0,1,1,1,1,1
1308,0,1,1,1,0,1
1309,1,1,1,0,1,1
1310,0,0,1,1,1,0
1311,1,0,1,0,1,1
1312,0,1,1,1,1,1
1313,1,1,1,1,1,1
1314,0,1,1,1,0,1
1315,0,1,1,1,0,1
1316,1,0,1,1,0,1
1317,1,0,1,0,0,1
1318,0,1,1,1,0,1
1319,1,1,0,0,1,1
1320,1,1,0,1,0,0
1321,1,0,1,1,1,1
1322,0,1,1,1,0,1
1323,1,1,1,1,1,1
1324,0,1,0,1,1,1
1325,1,1,1,1,1,1
1326,1,1,1,1,1,1
1327,0,0,1,1,1,1
1328,1,1,0,0,1,1
1329,1,0,0,0,0,1
1330,1,0,0,0,1,1
1331,1,1,1,1,1,1
1332,1,1,1,1,1,1
1333,0,0,1,1,1,1
1334,0,0,1,1,0,0
1335,1,1,1,1,1,1
1336,0,0,0,1,1,0
1337,1,1,1,1,0,1
1338,1,0,1,1,1,1
1339,0,0,1,1,0,1
1340,1,0,1,1,1,0
1341,0,0,1,0,1,1
1342,1,1,1,1,1,1
1343,1,1,1,1,0,0
1344,1,1,1,1,1,1
1345,0,1,0,0,1,1
1346,1,1,0,1,0,0
1347,1,1,1,1,0,0
1348,1,1,1,0,1,1
1349,0,1,1,1,0,1
1350,1,1,0,1,1,1
1351,1,1,0,1,1,1
1352,1,1,1,1,1,1
1353,1,1,1,1,1,0
1354,1,0,1,1,1,1
1355,1,0,1,0,0,0
1356,1,1,1,0,1,1
1357,0,1,0,0,1,1
1358,1,1,1,1,0,0
1359,0,1,1,0,1,1
1360,0,1,1,0,0,1
1361,1,1,1,1,1,1
1362,1,0,1,1,0,1
1363,0,1,0,1,1,1
1364,0,1,1,1,0,1
1365,0,1,0,1,0,1
1366,1,1,1,1,1,1
1367,0,1,1,1,1,1
1368,1,1,1,1,0,1
1369,1,1,1,0,1,0
1370,1,1,1,1,1,0
1371,1,0,1,1,1,1
1372,1,1,0,1,1,1
1373,0,0,1,1,0,0
1374,1,1,0,1,1,1
1375,1,1,1,1,1,1
1376,1,1,1,0,0,0
1377,0,0,1,1,1,1
1378,1,1,1,1,1,1
1379,1,1,1,1,1,0
1380,1,1,1,1,1,1
1381,0,1,1,1,0,1
1382,1,1,1,0,1,1
1383,1,1,1,0,1,1
1384,1,1,0,1,0,1
1385,1,0,1,1,1,0
1386,1,0,1,0,1,1
1387,1,1,0,1,1,1
1388,1,1,1,1,1,1
1389,1,1,1,1,1,0
1390,1,1,0,1,1,1
1391,0,0,1,1,1,1
1392,1,0,1,1,1,0
1393,1,1,1,0,1,0
1394,0,0,1,1,1,1
1395,1,1,1,1,1,1
1396,1,1,1,1,1,1
1397,1,0,1,1,1,1
1398,1,0,1,1,1,0
1399,1,0,1,1,1,1
1400,1,0,0,1,1,0
1401,1,1,1,1,1,1
1402,1,1,1,1,1,0
1403,1,0,1,1,1,1
1404,1,0,0,1,1,1
1405,1,1,0,1,1,1
1406,0,0,0,1,0,0
1407,0,1,0,1,0,1
1408,1,1,1,0,1,1
1409,0,1,1,1,1,0
1410,1,1,0,1,0,1
1411,1,0,1,0,1,1
1412,1,1,1,0,1,1
1413,1,1,0,0,1,1
1414,1,0,1,1,1,1
1415,1,1,1,1,1,0
1416,1,0,1,1,1,0
1417,0,1,0,1,1,1
1418,1,1,1,1,1,1
1419,1,1,1,1,1,1
1420,0,0,0,0,1,1
1421,0,1,0,1,0,1
1422,1,0,1,0,1,0
1423,1,1,1,1,1,0
1424,1,1,0,1,1,0
1425,1,0,0,1,1,1
1426,1,1,1,1,1,1
1427,0,1,1,1,1,1
1428,1,0,1,1,1,1
1429,0,1,1,1,1,1
1430,1,1,0,0,1,1
1431,1,1,1,1,1,1
1432,1,1,0,1,0,0
1433,1,1,1,0,1,1
1434,1,1,1,1,1,0
1435,0,0,1,1,1,1
1436,0,1,1,1,1,1
1437,0,1,0,1,1,1
1438,1,1,1,0,1,1
1439,1,1,1,1,1,1
1440,0,0,0,1,1,0
1441,1,0,1,1,0,0
1442,0,1,1,0,1,1
1443,0,1,0,1,0,0
1444,1,1,1,1,1,0
1445,0,0,1,1,0,1
1446,1,1,1,1,1,1
1447,1,1,1,1,1,1
1448,1,1,0,1,0,1
1449,1,0,1,1,1,0
1450,1,1,1,1,1,0
1451,1,1,1,1,1,1
1452,0,1,1,0,1,1
1453,1,1,1,1,1,1
1454,1,0,1,0,1,0
1455,1,0,1,1,0,0
1456,0,1,1,1,1,1
1457,1,1,1,1,1,1
1458,1,1,0,0,1,1
1459,1,1,1,1,1,1
1460,0,1,0,1,0,1
1461,1,0,1,1,1,1
1462,1,1,1,1,1,1
1463,0,1,1,1,1,1
1464,1,1,1,1,1,1
1465,1,1,1,0,1,1
1466,1,1,0,1,1,1
1467,0,1,1,0,1,1
1468,1,1,0,1,1,1
1469,1,0,1,0,1,0
1470,1,1,1,1,1,1
1471,1,1,0,1,1,1
1472,1,1,1,1,1,1
1473,1,1,1,0,1,1
1474,1,0,1,1,0,1
1475,0,1,0,1,1,1
1476,1,1,0,1,1,1
1477,1,1,1,1,1,1
1478,1,1,1,1,0,1
1479,1,1,1,0,1,1
1480,1,0,1,0,1,1
1481,0,1,1,1,0,0
1482,1,1,1,1,1,1
1483,1,0,1,1,1,1
1484,1,1,1,1,1,1
1485,1,1,0,1,1,1
1486,1,1,1,1,1,0
1487,1,1,1,0,1,1
1488,1,1,1,1,0,0
1489,1,0,1,1,1,1
1490,1,1,1,1,1,1
1491,1,1,1,0,1,1
1492,1,1,1,0,0,1
1493,0,1,1,1,1,0
1494,1,1,0,1,1,1
1495,0,1,1,1,1,1
1496,1,1,0,1,1,1
1497,1,0,1,0,1,1
1498,1,0,0,1,1,1
1499,1,1,0,1,0,0
1500,1,1,1,1,1,1
1501,1,0,0,0,1,0
1502,0,0,0,1,0,0
1503,1,1,1,1,1,1
1504,1,1,1,1,1,1
1505,1,1,1,1,0,1
1506,1,1,1,0,1,1
1507,1,1,1,1,1,0
1508,0,1,1,0,1,1
1509,1,1,1,0,0,1
1510,1,1,0,1,0,0
1511,1,1,1,1,0,1
1512,1,1,1,1,1,1
1513,1,1,0,0,1,0
1514,0,1,1,1,0,1
1515,1,0,1,0,0,1
1516,1,1,1,1,1,1
1517,1,1,1,1,1,1
1518,0,0,1,0,1,1
1519,1,1,0,1,0,1
1520,0,1,1,0,1,1
1521,1,1,0,1,0,1
1522,0,1,0,0,1,0
1523,1,1,1,1,1,1
1524,1,1,0,1,1,0
1525,1,1,0,1,1,1
1526,0,1,1,0,1,1
1527,0,1,1,1,1,1
1528,1,1,0,1,0,1
1529,0,1,1,1,1,1
1530,0,1,1,0,1,1
1531,0,1,1,1,0,0
1532,1,1,0,1,0,0
1533,1,0,0,1,1,1
1534,1,1,0,1,1,1
1535,1,1,0,0,1,0
1536,1,1,1,1,1,1
1537,1,1,1,1,1,1
1538,0,1,0,0,1,1
1539,1,0,1,0,0,0
1540,1,0,1,0,0,0
1541,1,1,1,1,0,1
1542,0,1,1,1,1,1
1543,1,0,1,1,1,0
1544,1,1,0,1,1,0
1545,1,1,1,1,1,1
1546,1,1,1,1,0,0
1547,0,1,1,1,1,1
1548,0,1,1,1,1,1
1549,1,1,1,1,1,1
1550,1,1,0,1,0,1
1551,1,0,1,1,0,0
1552,1,1,1,0,1,1
1553,1,1,1,1,0,1
1554,0,1,0,1,1,1
1555,1,1,1,1,1,1
1556,1,1,0,1,0,1
1557,1,0,0,0,1,1
1558,1,1,1,1,1,0
1559,0,0,1,0,0,1
1560,1,1,1,1,0,1
1561,1,1,0,1,0,1
1562,0,1,0,0,0,1
1563,0,1,1,1,1,1
1564,0,1,1,0,1,1
1565,1,0,1,1,1,1
1566,0,0,1,1,0,1
1567,0,1,1,1,1,1
1568,0,1,1,1,1,1
1569,0,0,1,1,1,1
1570,1,1,0,1,1,1
1571,0,1,1,1,0,0
1572,1,0,0,1,1,1
1573,1,1,1,1,0,1
1574,1,0,1,0,1,1
1575,1,1,1,1,1,1
1576,0,1,1,1,1,0
1577,1,1,1,0,0,1
1578,1,1,1,0,1,0
1579,1,1,1,1,1,1
1580,0,1,0,1,1,0
1581,1,1,0,1,1,1
1582,1,1,1,1,1,1
1583,0,1,1,1,1,1
1584,1,1,1,0,1,1
1585,1,1,1,1,0,1
1586,1,1,1,1,1,1
1587,0,0,1,0,1,1
1588,1,1,1,1,0,1
1589,1,1,1,1,0,1
1590,1,1,1,0,1,1
1591,1,0,1,1,0,0
1592,1,1,1,0,1,0
1593,1,1,1,1,0,0
1594,1,1,1,1,1,1
1595,1,1,0,1,0,1
1596,1,1,0,1,0,1
1597,1,1,0,1,1,0
1598,0,1,1,0,1,1
1599,1,1,1,0,1,1
1600,1,1,0,1,0,1
1601,1,1,1,1,1,1
1602,0,0,1,1,0,0
1603,1,0,1,1,0,1
1604,1,1,1,1,1,0
1605,1,1,0,1,1,1
1606,1,0,1,0,1,1
1607,1,1,1,1,1,1
1608,0,0,1,1,1,1
1609,0,1,1,1,1,1
1610,1,0,1,0,1,1
1611,1,1,1,1,1,0
1612,1,1,1,0,1,1
1613,0,1,1,0,0,1
1614,1,1,1,0,0,1
1615,1,1,1,0,1,1
1616,0,1,1,0,1,1
1617,1,0,1,1,0,1
1618,1,1,1,1,1,1
1619,1,0,0,1,1,1
1620,0,1,1,1,0,0
1621,1,1,0,1,1,1
1622,1,0,0,1,1,0
1623,1,1,1,1,1,0
1624,1,1,1,1,0,1
1625,0,1,1,1,0,0
1626,1,1,1,1,1,0
1627,0,1,1,1,1,1
1628,0,1,1,1,1,0
1629,1,1,0,1,1,1
1630,1,1,1,1,0,1
1631,1,1,1,1,1,1
1632,1,1,1,0,1,0
1633,1,0,0,0,1,0
1634,1,1,1,1,0,0
1635,1,1,0,1,0,0
1636,1,1,1,1,0,0
1637,1,1,1,1,1,1
1638,1,1,1,1,1,1
1639,1,1,1,0,1,0
1640,1,1,0,1,1,1
1641,1,1,1,0,0,1
1642,1,1,1,1,1,1
1643,1,1,0,1,1,1
1644,1,0,1,1,1,1
1645,1,1,0,1,1,0
1646,1,0,1,1,1,1
1647,0,1,1,0,1,1
1648,1,0,0,0,0,1
1649,0,0,1,0,1,1
1650,1,1,1,1,0,1
1651,0,1,1,0,1,1
1652,1,0,1,0,1,0
1653,1,0,1,1,1,1
1654,1,1,1,1,0,0
1655,1,0,1,1,0,1
1656,1,1,1,1,1,1
1657,1,1,1,1,0,0
1658,0,1,1,0,0,1
1659,1,0,1,0,0,1
1660,1,0,1,1,1,1
1661,1,1,0,1,1,1
1662,1,1,1,1,1,1
1663,1,0,1,0,1,1
1664,1,1,1,1,0,1
1665,0,1,1,0,1,1
1666,1,1,1,0,0,1
1667,0,1,1,1,0,0
1668,1,1,1,1,1,0
1669,1,1,1,0,1,1
1670,0,0,0,1,1,0
1671,1,1,1,1,0,1
1672,1,1,1,1,0,0
1673,1,1,0,1,1,1
1674,0,1,0,0,0,0
1675,1,1,1,1,0,1
1676,1,0,1,1,1,1
1677,1,1,1,1,0,0
1678,1,1,1,1,1,1
1679,1,0,0,1,1,0
1680,1,0,0,0,0,1
1681,0,1,1,1,1,1
1682,0,0,1,1,1,0
1683,1,1,0,1,1,1
1684,1,0,0,1,1,1
1685,1,1,1,1,1,1
1686,1,1,1,1,1,1
1687,1,1,0,1,0,1
1688,1,0,0,1,1,1
1689,0,1,0,0,1,0
1690,0,1,0,1,1,0
1691,1,0,1,1,1,0
1692,1,1,1,1,1,1
1693,1,1,1,0,1,1
1694,0,1,0,1,0,1
1695,0,1,1,1,1,1
1696,1,1,0,1,0,1
1697,1,1,1,1,0,1
1698,1,1,1,0,1,1
1699,0,1,0,1,1,1
1700,1,0,1,1,1,1
1701,0,1,1,0,1,0
1702,1,1,1,1,1,0
1703,1,1,1,1,1,1
1704,0,1,1,1,0,1
1705,1,1,0,1,1,0
1706,1,0,1,0,1,1
1707,1,1,1,1,0,1
1708,1,1,0,1,1,1
1709,0,1,0,1,1,1
1710,1,1,1,1,1,1
1711,1,1,1,1,0,1
1712,1,1,1,1,0,1
1713,0,1,1,1,1,1
1714,1,1,1,1,1,1
1715,1,1,0,1,1,1
1716,0,1,1,0,0,0
1717,0,0,1,0,1,0
1718,1,1,1,1,1,1
1719,1,0,1,1,0,1
1720,1,1,1,1,1,1
1721,1,1,0,1,1,0
1722,1,1,1,0,1,1
1723,1,1,1,1,1,0
1724,0,1,0,1,1,1
1725,1,1,0,0,1,1
1726,0,1,1,1,0,1
1727,1,1,1,0,0,0
1728,0,0,1,0,0,1
1729,1,1,1,1,1,1
1730,1,1,1,1,1,1
1731,1,1,1,1,0,1
1732,1,1,1,1,1,1
1733,1,1,1,1,1,0
1734,1,0,0,1,1,0
1735,1,1,1,1,1,1
1736,0,0,1,1,1,1
1737,1,1,1,1,1,1
1738,1,0,0,1,1,1
1739,0,1,1,1,0,1
1740,1,1,1,1,1,0
1741,0,1,0,1,0,0
1742,1,1,1,1,1,1
1743,1,1,0,1,1,0
1744,0,0,1,1,1,1
1745,0,1,0,0,0,1
1746,1,0,1,1,0,1
1747,0,1,0,0,0,1
1748,0,1,1,1,1,1
1749,0,0,1,1,0,1
1750,0,1,1,0,1,1
1751,1,0,1,1,1,0
1752,0,1,0,1,1,1
1753,1,1,1,1,0,1
1754,0,0,1,1,0,1
1755,1,0,0,1,1,1
1756,1,1,0,1,0,1
1757,0,1,1,1,1,0
1758,1,1,1,0,1,1
1759,0,1,0,1,0,1
1760,0,1,1,0,0,1
1761,1,1,1,1,0,1
1762,1,1,0,0,1,1
1763,1,1,1,0,0,0
1764,0,1,1,1,1,1
1765,1,1,1,1,1,1
1766,1,1,1,0,0,1
1767,1,1,1,0,1,0
1768,1,0,1,0,1,1
1769,0,1,1,0,1,1
1770,1,0,1,0,0,1
1771,1,0,1,0,1,1
1772,1,1,1,1,1,0
1773,1,1,1,1,1,0
1774,0,1,0,1,1,1
1775,0,1,1,1,1,1
1776,1,1,1,0,1,1
1777,1,1,1,1,1,1
1778,1,1,1,1,0,1
1779,1,1,1,0,1,1
1780,1,1,1,1,0,0
1781,1,1,1,1,1,1
1782,1,1,1,1,1,1
1783,1,0,1,0,1,1
1784,0,1,0,0,1,1
1785,1,0,1,1,0,1
1786,1,1,1,1,0,1
1787,0,1,0,0,0,1
1788,1,1,1,1,1,1
1789,1,1,1,1,1,1
1790,1,0,1,1,0,1
1791,1,1,1,0,1,1
1792,1,1,0,1,1,1
1793,1,1,1,1,1,1
1794,1,1,0,1,0,1
1795,1,1,1,1,1,1
1796,1,1,1,1,1,1
1797,1,1,0,1,1,1
1798,1,0,1,1,1,1
1799,0,1,1,1,0,1
1800,1,1,1,0,0,1
1801,1,1,0,1,1,1
1802,1,0,1,0,1,1
1803,1,1,1,1,1,1
1804,1,1,1,1,1,0
1805,0,0,1,0,1,1
1806,1,1,0,0,1,1
1807,1,1,0,1,1,1
1808,1,1,1,0,0,1
1809,0,1,0,1,1,0
1810,1,1,1,1,1,1
1811,1,1,1,1,1,1
1812,1,1,1,1,1,1
1813,1,1,0,1,1,1
1814,1,0,0,1,1,1
1815,1,1,1,1,0,1
1816,1,1,0,1,1,1
1817,1,1,1,1,0,0
1818,1,1,1,1,0,1
1819,1,1,1,1,1,1
1820,1,1,1,1,0,1
1821,1,1,0,1,1,1
1822,1,1,0,1,0,1
1823,1,1,1,1,1,1
1824,1,1,0,1,0,1
1825,0,1,0,0,1,1
1826,0,1,1,1,0,1
1827,1,1,1,0,1,1
1828,0,1,1,0,0,1
1829,1,1,0,1,1,1
1830,1,1,0,0,1,1
1831,0,1,0,1,1,1
1832,1,1,1,1,1,1
1833,1,0,0,1,1,1
1834,1,1,1,1,0,1
1835,1,1,0,0,0,1
1836,0,1,1,1,0,0
1837,1,1,1,0,0,1
1838,1,0,1,1,1,1
1839,1,1,1,1,1,1
1840,1,1,1,1,1,1
1841,1,1,1,1,1,0
1842,0,0,1,1,0,1
1843,1,1,0,1,1,0
1844,1,0,1,1,1,1
1845,1,0,1,1,1,1
1846,1,0,1,1,1,1
1847,1,1,1,1,0,0
1848,0,1,0,1,1,1
1849,1,1,1,1,1,1
1850,0,1,1,1,1,1
1851,1,1,1,1,1,0
1852,1,1,0,1,1,1
1853,1,1,1,1,1,1
1854,0,1,1,0,1,1
1855,1,0,1,1,0,1
1856,1,1,0,1,1,1
1857,1,1,0,1,1,0
1858,1,1,0,1,0,0
1859,0,0,0,0,1,1
1860,1,1,1,1,1,0
1861,0,0,0,1,0,1
1862,1,1,1,1,1,1
1863,1,1,1,1,1,1
1864,0,1,1,1,1,1
1865,1,1,0,1,1,0
1866,1,0,1,1,1,0
1867,1,1,1,1,1,0
1868,0,1,0,1,0,1
1869,1,0,1,0,0,1
1870,1,1,0,1,1,1
1871,1,1,1,1,0,1
1872,1,1,1,0,0,0
1873,1,0,1,0,1,1
1874,1,1,1,1,1,1
1875,1,1,1,1,1,1
1876,0,1,1,1,1,0
1877,1,1,0,0,0,1
1878,0,1,1,0,1,1
1879,1,1,1,1,0,1
1880,1,1,1,1,0,1
1881,1,1,1,1,1,1
1882,0,0,1,1,1,1
1883,1,1,1,1,0,1
1884,0,1,0,1,1,0
1885,1,1,1,0,1,1
1886,0,1,1,1,1,1
1887,0,1,1,1,1,1
1888,1,0,0,1,1,1
1889,0,0,1,1,1,0
1890,1,1,1,0,0,0
1891,0,1,1,0,1,1
1892,1,0,0,0,1,1
1893,1,1,1,1,1,1
1894,0,1,1,1,0,1
1895,0,1,0,1,1,1
1896,1,1,1,1,1,1
1897,1,1,1,1,1,1
1898,1,1,1,1,1,1
1899,1,1,1,1,1,1
1900,1,1,1,1,1,0
1901,1,1,0,0,1,1
1902,0,0,0,1,0,1
1903,1,0,1,0,0,1
1904,0,0,1,1,1,1
1905,1,1,0,1,0,1
1906,1,1,1,1,0,1
1907,1,1,1,0,1,1
1908,0,1,1,1,1,0
1909,1,1,1,1,1,1
1910,1,1,1,1,1,0
1911,1,1,1,1,1,1
1912,1,0,1,1,0,1
1913,0,0,1,1,1,1
1914,1,1,1,1,0,0
1915,1,1,1,0,1,1
1916,0,1,1,1,1,1
1917,1,1,0,1,1,1
1918,1,1,1,0,1,0
1919,1,0,0,1,0,1
1920,0,1,1,1,1,1
1921,0,1,0,1,1,1
1922,1,1,0,1,1,1
1923,1,0,1,1,1,0
1924,1,1,1,1,1,1
1925,1,1,1,1,1,1
1926,1,0,0,0,1,0
1927,1,1,0,1,1,1
1928,1,1,1,1,0,1
1929,0,1,0,0,0,1
1930,0,1,1,1,1,1
1931,1,1,0,0,1,1
1932,1,1,1,1,1,1
1933,1,0,1,1,1,0
1934,1,1,1,1,1,1
1935,1,1,0,0,1,0
1936,1,1,1,1,1,1
1937,1,1,1,0,1,1
1938,1,0,0,0,1,1
1939,0,1,1,1,1,1
1940,1,0,1,1,1,1
1941,1,0,0,0,0,1
1942,0,1,1,1,1,1
1943,1,0,1,1,1,1
1944,0,1,1,1,1,1
1945,1,1,1,0,1,1
1946,1,1,0,0,0,0
1947,1,1,0,1,1,1
1948,0,1,0,1,1,1
1949,1,0,0,1,1,1
1950,0,0,1,1,1,1
1951,1,1,1,1,0,0
1952,1,0,0,0,0,1
1953,1,1,0,1,1,1
1954,0,0,1,0,1,1
1955,1,1,1,1,0,1
1956,0,1,1,1,1,1
1957,1,1,1,1,0,1
1958,1,0,0,1,1,0
1959,1,1,0,1,1,1
1960,1,1,1,0,1,1
1961,1,1,1,1,1,1
1962,1,0,1,1,1,0
1963,0,1,1,1,1,0
1964,0,1,1,1,1,1
1965,1,0,1,1,1,0
1966,0,1,1,1,0,1
1967,1,1,1,1,1,0
1968,1,1,1,0,0,1
1969,1,1,1,0,0,0
1970,0,1,1,1,1,1
1971,1,1,1,1,1,0
1972,1,1,0,0,1,1
1973,0,0,1,0,1,1
1974,0,1,0,1,1,1
1975,1,1,1,1,1,1
1976,1,1,0,1,1,1
1977,1,1,1,1,1,1
1978,0,1,0,1,1,1
1979,0,0,0,1,0,0
1980,0,0,1,1,0,1
1981,0,1,0,1,1,1
1982,1,1,1,0,0,1
1983,1,1,1,1,0,1
1984,1,1,0,1,0,0
1985,0,1,0,0,0,1
1986,1,1,1,0,1,0
1987,1,1,1,1,1,0
1988,0,1,0,0,0,0
1989,1,1,1,1,0,1
1990,0,1,1,1,1,1
1991,1,1,1,0,0,1
1992,1,1,1,1,0,1
1993,1,1,1,1,1,1
1994,1,1,0,0,1,1
1995,0,1,1,1,1,1
1996,1,1,1,0,1,1
1997,1,1,0,1,0,1
1998,0,1,1,0,0,1
1999,1,1,0,1,1,0
2000,1,0,0,1,0,0
2001,1,1,0,0,1,1
2002,1,1,1,1,1,1
2003,0,1,1,1,1,0
2004,1,0,1,1,1,1
2005,0,1,0,0,0,1
2006,0,1,0,1,1,1
2007,0,0,1,1,1,1
2008,1,0,0,1,1,0
2009,1,1,1,1,0,1
2010,1,1,1,1,1,1
2011,1,1,1,1,1,1
2012,1,1,1,1,0,1
2013,0,1,1,1,0,0
2014,1,1,0,1,1,1
2015,1,0,1,1,0,1
2016,0,1,1,1,1,1
2017,1,1,1,1,1,1
2018,0,1,1,0,1,1
2019,0,1,1,1,0,0
2020,0,1,0,1,1,0
2021,0,1,0,0,1,1
2022,1,1,0,1,1,1
2023,1,0,0,1,0,1
2024,1,1,1,1,1,0
2025,1,1,0,1,0,1
2026,1,1,0,1,0,1
2027,1,1,0,1,1,1
2028,1,1,1,1,0,0
2029,0,1,1,1,1,1
2030,0,1,1,1,0,1
2031,1,1,1,1,1,1
2032,0,0,1,1,1,1
2033,1,1,0,0,1,1
2034,1,1,0,0,1,1
2035,1,1,1,0,1,1
2036,1,1,1,1,1,0
2037,1,0,1,1,1,0
2038,1,1,0,1,0,0
2039,1,1,1,1,0,1
2040,1,0,1,1,1,1
2041,1,1,1,1,1,1
2042,1,0,0,1,1,1
2043,1,0,1,1,0,1
2044,1,1,1,1,1,1
2045,1,1,1,1,0,1
2046,1,1,1,1,1,1
2047,1,0,0,1,1,1
2048,1,1,0,1,0,0
2049,1,1,1,1,0,1
2050,1,0,1,1,1,1
2051,0,1,1,1,1,0
2052,0,0,0,1,1,1
2053,1,1,0,1,1,0
2054,1,1,1,0,1,1
2055,0,1,1,1,1,0
2056,0,1,0,0,1,1
2057,1,1,1,1,1,0
2058,1,1,1,1,1,1
2059,1,0,1,1,1,1
2060,1,0,1,0,1,1
2061,0,0,1,1,1,1
2062,1,0,0,1,0,1
2063,1,1,1,1,1,0
2064,1,1,0,1,1,0
2065,0,0,1,0,1,1
2066,1,1,1,1,1,1
2067,1,0,1,1,0,1
2068,1,1,1,0,0,0
2069,0,1,1,1,1,0
2070,0,0,0,1,1,1
2071,1,1,0,1,1,1
2072,0,0,1,1,1,0
2073,1,1,0,0,1,1
2074,1,0,1,1,0,1
2075,0,1,1,0,0,1
2076,1,1,0,0,1,0
2077,1,1,1,0,1,1
2078,1,0,1,1,0,1
2079,0,0,1,1,1,1
2080,1,1,1,1,0,1
2081,1,1,1,1,1,1
2082,1,1,1,1,1,1
2083,1,0,1,1,1,1
2084,0,0,1,1,1,0
2085,1,1,0,1,0,1
2086,1,1,1,1,1,1
2087,1,1,0,1,1,0
2088,1,1,1,1,0,1
2089,1,1,0,1,0,1
2090,1,1,0,1,1,1
2091,1,1,1,1,1,0
2092,1,0,1,1,0,1
2093,1,0,1,1,0,1
2094,1,1,1,0,0,0
2095,1,1,1,1,0,1
2096,1,1,1,1,1,1
2097,1,1,1,0,1,1
2098,1,1,1,0,1,0
2099,1,1,1,1,1,1
2100,0,1,1,0,1,0
2101,1,0,1,1,1,1
2102,0,1,0,0,0,1
2103,0,0,1,1,1,0
2104,1,1,0,1,0,0
2105,1,1,1,0,1,1
2106,1,1,1,1,1,1
2107,1,0,1,0,0,0
2108,0,1,0,1,1,1
2109,0,1,1,1,0,0
2110,1,0,1,0,1,1
2111,0,0,1,1,1,1
2112,1,0,1,1,0,0
2113,1,1,0,0,0,1
2114,1,1,1,1,1,1
2115,0,1,1,1,1,0
2116,0,0,0,1,1,1
2117,1,1,1,1,1,1
2118,1,1,1,1,1,0
2119,1,1,0,1,1,1
2120,0,1,1,0,1,1
2121,1,1,1,1,1,1
2122,1,0,1,0,1,1
2123,1,1,1,1,1,1
2124,0,1,1,1,1,1
2125,1,0,0,0,1,0
2126,0,1,1,1,0,0
2127,1,1,0,0,1,1
2128,1,1,1,1,1,1
2129,1,0,1,0,1,1
2130,1,1,1,1,0,1
2131,0,1,1,1,1,1
2132,1,1,1,0,1,1
2133,1,1,1,1,0,0
2134,1,1,0,1,1,0
2135,1,1,1,1,1,0
2136,0,1,1,0,1,1
2137,1,1,1,0,1,1
2138,1,1,1,1,1,0
2139,0,1,0,0,0,0
2140,1,1,1,1,1,1
2141,1,1,1,1,1,1
2142,1,1,1,1,1,1
2143,1,1,0,1,0,0
2144,1,1,1,1,0,1
2145,0,1,1,1,0,1
2146,0,1,1,1,1,1
2147,1,1,1,0,0,0
2148,0,1,1,0,1,1
2149,1,1,1,1,1,0
2150,1,1,1,0,1,1
2151,1,0,1,1,1,1
2152,0,0,1,1,0,1
2153,1,0,0,1,1,0
2154,1,0,1,1,0,1
2155,0,1,1,1,0,1
2156,1,0,1,1,1,0
2157,0,0,1,1,0,1
2158,1,1,1,1,0,1
2159,1,1,1,1,1,0
2160,0,1,0,1,0,1
2161,1,1,1,1,1,1
2162,1,0,0,0,1,1
2163,1,1,0,1,1,1
2164,1,0,1,1,1,1
2165,1,1,1,1,1,1
2166,1,1,1,1,1,1
2167,1,1,1,1,1,1
2168,0,1,0,1,0,1
2169,1,0,1,1,1,1
2170,1,1,0,1,0,0
2171,1,1,0,1,1,1
2172,1,1,1,1,1,1
2173,1,1,1,1,1,0
2174,1,0,1,1,1,1
2175,1,0,0,0,1,1
2176,0,0,0,0,0,1
2177,1,0,1,1,1,1
2178,0,1,1,1,1,1
2179,1,1,0,1,1,0
2180,1,1,1,1,0,0
2181,1,1,1,1,1,1
2182,1,1,1,1,1,1
2183,1,1,1,1,1,1
2184,1,1,1,1,1,1
2185,0,1,1,1,1,0
2186,1,1,1,1,1,0
2187,1,1,1,0,1,1
2188,0,1,1,0,1,1
2189,0,1,0,1,1,1
2190,1,1,0,1,1,1
2191,1,0,1,0,1,1
2192,0,1,1,1,0,0
2193,1,1,0,1,0,1
2194,0,1,1,1,1,1
2195,1,1,1,1,1,1
2196,1,1,0,1,1,0
2197,1,1,0,1,1,1
2198,1,0,1,1,1,1
2199,1,1,0,1,1,0
2200,1,1,1,1,1,0
2201,1,1,1,0,1,1
2202,1,1,0,1,1,1
2203,1,1,0,0,0,1
2204,1,1,1,1,0,1
2205,1,0,1,1,1,1
2206,1,1,1,1,1,0
2207,1,1,1,0,1,0
2208,1,0,1,1,1,1
2209,1,1,1,0,1,1
2210,1,1,1,1,1,1
2211,1,1,1,1,0,1
2212,1,1,1,1,1,1
2213,1,1,1,0,1,0
2214,0,0,1,1,1,1
2215,1,1,1,0,0,0
2216,1,1,0,1,1,1
2217,1,1,1,1,0,1
2218,0,1,1,0,1,0
2219,1,0,0,1,1,1
2220,1,0,1,1,1,1
2221,1,1,1,0,1,1
2222,1,1,1,1,1,1
2223,0,1,1,1,1,1
2224,1,1,1,0,0,1
2225,0,1,1,1,1,0
2226,0,0,0,1,0,1
2227,1,1,1,1,1,1
2228,0,1,1,1,1,1
2229,1,0,1,1,1,1
2230,1,0,1,1,0,0
2231,1,1,1,1,1,1
2232,1,0,0,1,1,1
2233,0,1,0,1,1,1
2234,0,1,0,0,1,1
2235,1,1,0,1,1,1
2236,1,1,1,1,1,0
2237,1,1,0,1,1,0
2238,1,1,0,0,1,1
2239,1,0,0,0,1,1
2240,0,0,0,1,0,1
2241,1,0,0,0,1,0
2242,1,1,0,1,0,1
2243,1,1,1,1,1,1
2244,1,0,1,1,1,1
2245,0,1,1,1,1,1
2246,1,1,1,1,1,0
2247,1,0,1,1,1,1
2248,1,1,0,1,1,1
2249,1,0,0,1,1,1
2250,1,0,0,1,1,1
2251,1,1,1,1,1,1
2252,1,0,1,0,1,1
2253,1,1,1,1,1,1
2254,0,0,1,1,1,0
2255,1,1,1,0,0,1
2256,1,1,0,0,1,0
2257,0,1,1,1,1,1
2258,1,0,1,1,0,1
2259,1,1,1,0,1,1
2260,1,1,1,1,0,1
2261,1,1,0,1,0,1
2262,0,1,1,1,1,1
2263,1,1,1,1,1,0
2264,0,0,0,1,1,0
2265,1,1,0,1,1,1
2266,1,1,0,1,0,1
2267,1,1,1,1,0,0
2268,1,1,1,0,0,1
2269,1,1,0,1,1,1
2270,1,1,1,1,0,1
2271,1,1,1,1,0,0
2272,1,1,0,0,0,1
2273,1,1,1,1,1,1
2274,0,1,1,1,1,1
2275,1,0,1,1,0,1
2276,1,1,1,1,0,1
2277,1,1,1,0,1,1
2278,1,1,1,0,0,1
2279,1,0,1,1,1,1
2280,1,1,1,1,1,0
2281,1,0,0,1,0,1
2282,1,1,1,1,1,1
2283,1,1,1,0,1,1
2284,1,1,1,0,0,1
2285,1,1,1,0,0,1
2286,0,1,1,0,1,1
2287,0,0,0,1,1,1
2288,1,0,1,0,1,0
2289,1,1,1,1,1,1
2290,0,1,1,1,0,1
2291,1,1,1,1,1,1
2292,1,1,0,1,1,1
2293,1,0,1,1,1,1
2294,1,0,0,1,1,1
2295,1,1,1,1,1,1
2296,1,1,1,1,0,1
2297,1,0,1,1,0,1
2298,0,1,1,0,1,1
2299,1,1,1,1,1,0
2300,0,1,0,1,1,1
2301,0,1,1,1,1,1
2302,1,1,1,0,1,1
2303,1,1,0,1,1,1
2304,1,1,0,0,1,0
2305,0,1,1,0,0,1
2306,0,0,1,1,0,1
2307,1,1,1,0,1,1
2308,0,0,1,1,1,1
2309,1,0,1,0,1,0
2310,1,0,1,1,1,0
2311,1,0,1,1,0,1
2312,0,1,1,0,0,0
2313,1,1,1,1,0,0
2314,1,1,1,1,1,1
2315,0,1,1,0,1,0
2316,1,1,0,1,1,1
2317,1,0,1,1,1,0
2318,0,1,1,1,0,1
2319,0,0,1,0,0,0
2320,1,1,1,1,0,1
2321,0,1,0,1,0,1
2322,1,1,1,1,1,1
2323,1,1,1,1,0,0
2324,1,0,1,1,1,1
2325,1,1,1,1,1,1
2326,0,1,0,1,1,0
2327,1,1,1,1,0,1
2328,0,0,0,1,1,1
2329,0,1,1,1,1,0
2330,1,0,1,1,1,0
2331,1,1,1,1,1,1
2332,0,1,0,1,1,0
2333,1,1,1,1,1,1
2334,1,0,1,1,1,1
2335,0,1,1,1,0,1
2336,1,1,0,1,1,1
2337,1,1,1,1,1,0
2338,1,1,1,1,1,1
2339,1,1,1,1,1,0
2340,1,1,1,1,0,1
2341,0,1,0,1,1,0
2342,1,0,1,1,1,0
2343,0,1,1,1,1,1
2344,1,1,1,1,1,1
2345,1,1,0,1,0,1
2346,1,1,1,1,1,1
2347,1,1,0,1,1,1
2348,0,1,1,1,1,1
2349,1,1,1,1,1,0
2350,1,0,1,1,1,0
2351,1,1,0,1,1,1
2352,1,1,0,1,1,1
2353,1,1,0,1,1,1
2354,1,1,1,1,1,1
2355,1,0,1,0,1,1
2356,0,1,1,0,1,1
2357,1,1,0,1,1,1
2358,1,0,1,1,0,1
2359,1,1,0,1,0,1
2360,1,1,1,1,1,1
2361,0,1,0,1,1,1
2362,0,0,1,0,1,1
2363,1,1,1,0,1,0
2364,1,1,0,1,0,0
2365,1,1,1,0,1,1
2366,1,0,1,1,1,1
2367,1,1,0,1,1,1
2368,1,1,1,1,1,1
2369,1,1,1,1,1,1
2370,1,1,0,1,1,1
2371,1,1,1,1,1,1
2372,1,1,0,1,1,1
2373,1,0,0,1,1,1
2374,1,1,1,1,1,1
2375,1,0,0,0,1,1
2376,0,0,1,1,1,0
2377,1,1,1,1,1,1
2378,1,0,1,1,1,0
2379,1,1,0,0,1,1
2380,1,1,1,0,0,1
2381,1,1,1,1,0,0
2382,1,1,0,0,0,0
2383,1,0,0,1,0,1
2384,1,1,1,1,0,1
2385,1,1,1,1,0,1
2386,1,1,1,1,1,0
2387,1,1,0,1,1,1
2388,0,1,1,0,0,1
2389,1,1,1,1,1,1
2390,1,1,1,1,1,1
2391,1,0,1,1,0,0
2392,1,1,1,1,1,1
2393,1,1,1,1,0,1
2394,0,0,0,1,1,1
2395,0,1,0,1,1,1
2396,1,1,0,1,1,1
2397,0,1,1,1,1,1
2398,0,0,1,1,1,1
2399,0,1,0,0,0,1
2400,1,1,1,0,1,1
2401,1,1,1,1,1,0
2402,1,1,1,1,1,1
2403,1,1,1,1,1,0
2404,1,1,1,1,1,1
2405,1,0,1,1,0,1
2406,0,1,0,0,0,0
2407,1,0,1,1,1,1
2408,1,0,1,1,0,1
2409,1,1,1,0,1,1
2410,1,1,1,1,1,1
2411,0,1,1,1,1,1
2412,1,0,1,0,0,1
2413,1,1,1,1,1,0
2414,1,1,1,1,1,1
2415,1,1,1,1,1,1
2416,0,1,1,1,1,0
2417,0,1,1,1,1,1
2418,0,1,1,0,0,1
2419,1,1,1,0,1,1
2420,1,1,1,0,1,1
2421,1,1,1,1,0,1
2422,1,1,1,1,1,1
2423,1,0,1,1,1,1
2424,1,0,1,1,0,1
2425,1,0,1,0,1,1
2426,0,1,0,1,0,0
2427,0,1,1,0,1,0
2428,1,1,1,0,1,1
2429,1,1,1,1,0,1
2430,1,1,1,1,1,1
2431,1,1,1,1,0,1
2432,1,1,1,1,1,0
2433,1,1,1,1,1,0
2434,1,1,1,1,1,1
2435,1,1,1,1,1,0
2436,1,1,1,1,0,1
2437,0,0,1,0,0,1
2438,1,1,0,1,1,0
2439,1,0,0,0,0,1
2440,1,1,0,1,1,1
2441,1,1,0,1,0,0
2442,1,1,1,1,1,1
2443,1,0,0,1,1,1
2444,1,1,1,0,0,1
2445,1,1,1,1,1,1
2446,0,0,1,1,1,1
2447,1,0,0,0,0,0
2448,1,1,1,1,1,1
2449,1,1,0,1,1,1
2450,1,1,1,1,1,1
2451,0,0,0,1,1,0
2452,1,1,1,1,1,1
2453,0,1,1,0,0,0
2454,1,1,1,1,1,1
2455,1,0,1,1,1,1
2456,1,1,1,1,1,1
2457,0,1,1,1,0,1
2458,1,1,1,1,0,1
2459,1,0,1,0,1,1
2460,1,0,0,1,1,1
2461,0,0,1,1,1,1
2462,1,1,0,1,1,0
2463,1,1,0,1,1,1
2464,1,1,0,1,1,1
2465,0,1,1,1,0,1
2466,0,1,0,0,1,1
2467,0,0,1,1,1,1
2468,1,1,0,1,1,1
2469,1,1,1,0,1,1
2470,1,1,1,1,1,1
2471,1,1,1,1,1,0
2472,0,1,0,1,1,1
2473,1,0,1,0,1,0
2474,1,0,0,0,1,1
2475,1,1,0,0,1,1
2476,1,1,0,0,1,1
2477,1,1,0,1,1,0
2478,0,0,0,1,1,1
2479,1,1,1,1,1,1
2480,1,1,1,1,1,1
2481,1,1,1,1,1,1
2482,0,1,1,1,1,1
2483,0,1,1,1,0,1
2484,0,1,1,0,0,0
2485,1,1,1,1,1,1
2486,0,1,1,1,1,1
2487,0,1,1,1,0,1
2488,1,1,1,1,1,1
2489,1,1,1,1,1,1
2490,1,1,0,1,1,1
2491,1,1,1,0,1,1
2492,1,1,1,1,1,1
2493,0,0,0,0,0,1
2494,1,1,1,1,0,1
2495,1,1,0,1,1,0
2496,0,1,1,1,0,1
2497,1,0,1,1,1,0
2498,1,1,1,0,1,1
2499,1,1,1,0,0,0
2500,1,1,1,1,1,0
2501,0,0,1,1,1,1
2502,1,0,1,0,1,1
2503,1,0,1,1,1,1
2504,1,1,1,1,0,1
2505,1,1,0,1,0,0
2506,1,0,0,0,1,0
2507,1,1,1,1,1,1
2508,0,0,1,1,1,1
2509,1,1,1,0,1,1
2510,1,0,0,1,1,1
2511,1,0,1,1,0,1
2512,1,0,1,0,1,1
2513,1,1,1,1,1,1
2514,1,1,1,1,0,1
2515,1,1,1,1,0,1
2516,1,0,1,1,1,1
2517,1,1,1,0,1,1
2518,1,1,1,1,1,1
2519,1,0,0,1,0,1
2520,0,1,1,1,1,1
2521,1,1,1,0,1,0
2522,1,1,1,1,1,1
2523,0,1,0,1,1,0
2524,0,1,1,1,0,1
2525,1,1,0,1,1,1
2526,1,1,0,0,0,1
2527,1,0,0,1,1,1
2528,1,1,1,0,0,1
2529,1,1,1,1,1,0
2530,1,1,1,0,1,1
2531,0,1,0,1,1,1
2532,1,1,0,1,1,1
2533,1,1,1,1,1,0
2534,1,1,1,0,1,1
2535,0,1,1,0,1,1
2536,1,1,0,1,1,0
2537,0,1,1,1,1,1
2538,0,1,1,0,1,1
2539,1,1,0,1,0,1
2540,1,1,1,1,1,1
2541,1,1,1,1,1,1
2542,1,1,1,1,0,1
2543,1,1,1,1,1,1
2544,1,0,0,0,0,1
2545,0,1,1,0,1,1
2546,1,0,1,1,1,1
2547,0,1,1,0,1,1
2548,0,1,0,1,1,1
2549,1,0,0,0,1,1
2550,1,1,1,1,1,1
2551,1,1,1,1,0,1
2552,0,1,1,1,1,1
2553,1,1,0,0,1,1
2554,0,1,1,1,1,0
2555,1,1,1,0,1,1
2556,1,0,1,1,1,0
2557,0,1,0,0,0,0
2558,1,1,0,0,1,1
2559,1,1,1,1,0,1
2560,1,1,1,0,0,1
2561,0,1,1,0,0,1
2562,1,0,1,0,1,1
2563,1,1,1,0,0,1
2564,1,0,1,1,1,1
2565,1,0,1,0,0,1
2566,1,1,1,0,1,1
2567,1,1,1,0,1,1
2568,1,0,1,1,1,1
2569,0,0,1,1,0,0
2570,1,0,1,0,1,1
2571,1,1,0,1,0,1
2572,1,1,1,1,1,1
2573,1,1,0,1,0,1
2574,1,0,1,1,1,0
2575,1,0,0,1,0,1
2576,1,0,0,1,0,1
2577,1,1,1,0,1,1
2578,1,1,1,1,1,1
2579,1,1,1,1,1,1
2580,1,1,1,1,1,0
2581,0,1,1,1,0,0
2582,1,1,0,0,0,0
2583,0,0,0,1,1,0
2584,1,0,1,1,0,1
2585,0,1,1,0,1,1
2586,0,1,0,1,1,1
2587,1,1,1,1,1,1
2588,1,0,1,1,0,1
2589,1,1,0,0,0,0
2590,1,1,0,1,0,0
2591,0,1,0,1,1,1
2592,1,1,1,1,0,1
2593,0,1,0,1,0,1
2594,1,0,1,0,1,1
2595,1,1,1,1,1,1
2596,1,1,1,1,0,1
2597,1,1,1,1,0,1
2598,0,0,1,1,0,0
2599,1,1,0,1,1,1
2600,1,0,1,1,1,1
2601,0,1,1,1,1,1
2602,1,1,1,1,1,1
2603,0,1,1,1,1,1
2604,0,1,0,1,1,1
2605,1,1,1,0,1,1
2606,1,1,1,1,1,1
2607,0,1,0,0,1,1
2608,1,1,1,1,1,1
2609,1,1,1,1,1,1
2610,1,1,0,1,1,1
2611,1,0,1,1,1,1
2612,0,1,0,0,0,0
2613,0,0,0,0,0,0
2614,1,1,1,0,1,0
2615,1,0,0,1,1,1
2616,0,1,1,1,1,1
2617,0,1,0,1,1,1
2618,1,0,1,1,1,1
2619,1,0,1,1,0,0
2620,1,1,0,1,1,1
2621,1,1,0,0,1,1
2622,1,1,1,0,1,1
2623,1,0,0,1,1,1
2624,1,0,1,1,0,1
2625,1,1,0,1,1,1
2626,0,0,1,0,1,0
2627,1,0,1,1,1,1
2628,1,1,1,1,0,1
2629,0,1,1,1,1,1
2630,1,1,1,1,1,0
2631,1,0,1,1,1,1
2632,1,0,1,1,1,0
2633,1,1,0,1,1,1
2634,1,1,1,1,1,1
2635,1,1,1,1,0,1
2636,1,1,1,1,1,0
2637,1,1,0,0,1,0
2638,1,1,1,1,0,1
2639,1,1,1,1,1,1
2640,0,1,1,1,1,1
2641,0,1,0,0,1,1
2642,0,1,1,1,1,1
2643,0,0,1,1,1,0
2644,1,1,1,0,1,1
2645,1,1,1,0,1,1
2646,1,1,1,1,1,1
2647,0,1,1,1,1,1
2648,0,1,1,0,1,1
2649,1,0,1,1,1,1
2650,1,1,1,1,1,1
2651,1,1,1,1,1,0
2652,1,1,1,1,1,1
2653,1,1,1,1,1,1
2654,1,1,1,0,1,1
2655,1,1,1,1,1,0
2656,1,1,1,1,1,1
2657,0,0,0,1,0,1
2658,1,1,1,1,0,1
2659,1,1,1,1,0,1
2660,1,1,1,1,1,1
2661,1,1,1,0,0,1
2662,0,1,1,0,1,1
2663,1,1,1,1,1,1
2664,1,1,1,1,0,1
2665,1,1,1,1,0,1
2666,0,0,1,1,0,0
2667,1,0,1,1,1,1
2668,0,1,0,1,0,1
2669,1,1,1,1,1,1
2670,0,0,0,0,1,1
2671,1,1,1,1,1,0
2672,1,0,0,1,1,1
2673,1,1,1,1,1,1
2674,1,1,0,1,1,1
2675,1,1,1,1,0,0
2676,1,1,1,1,1,1
2677,0,0,1,1,1,0
2678,1,1,1,1,1,0
2679,1,1,0,1,0,1
2680,1,1,0,1,0,1
2681,1,1,1,1,0,1
2682,1,1,1,1,1,1
2683,1,1,0,0,0,1
2684,0,1,1,1,0,1
2685,1,1,1,0,1,1
2686,1,1,1,1,0,1
2687,0,0,1,1,0,1
2688,1,1,0,1,1,1
2689,1,1,1,1,1,0
2690,1,1,0,1,1,1
2691,1,1,1,1,1,1
2692,0,0,0,0,1,1
2693,0,0,1,1,1,0
2694,1,1,1,1,1,1
2695,0,1,1,0,1,1
2696,1,1,0,0,1,0
2697,1,1,1,1,0,0
2698,1,1,1,1,1,1
2699,0,0,1,1,0,0
2700,0,1,1,0,0,1
2701,0,1,1,0,1,1
2702,1,0,0,1,1,1
2703,1,1,1,1,1,1
2704,1,1,1,0,1,1
2705,1,1,1,1,1,1
2706,1,1,1,1,1,1
2707,1,0,0,1,1,0
2708,0,1,1,1,0,1
2709,0,0,1,0,1,1
2710,1,1,1,1,1,1
2711,1,0,1,0,1,1
2712,1,1,1,1,0,0
2713,1,1,1,1,1,0
2714,1,1,1,0,1,1
2715,1,1,1,1,1,1
2716,1,1,1,1,0,1
2717,1,1,1,1,1,0
2718,1,0,1,1,1,1
2719,1,1,0,1,1,0
2720,0,1,0,1,1,1
2721,1,1,1,0,1,0
2722,1,0,0,1,1,0
2723,0,1,1,1,1,1
2724,1,1,0,1,1,1
2725,1,1,1,1,1,1
2726,1,0,1,1,1,1
2727,1,1,1,1,1,0
2728,1,1,1,1,0,1
2729,1,1,1,1,0,1
2730,1,1,1,1,1,1
2731,0,0,1,1,1,1
2732,1,1,1,1,1,1
2733,1,1,1,1,1,1
2734,1,1,0,1,1,1
2735,1,1,1,1,0,1
2736,1,1,1,1,1,1
2737,1,1,1,1,1,1
2738,1,1,0,0,1,0
2739,0,1,1,1,1,0
2740,1,1,1,1,0,1
2741,1,1,0,1,1,0
2742,1,0,1,1,1,1
2743,1,0,0,1,1,1
2744,0,1,0,1,1,1
2745,1,0,1,1,1,0
2746,1,1,1,1,1,0
2747,1,1,0,1,1,1
2748,1,1,1,1,1,0
2749,1,1,1,1,1,1
2750,0,0,1,1,0,1
2751,1,1,1,1,1,1
2752,1,0,1,1,1,1
2753,1,1,1,1,1,1
2754,1,1,1,1,0,1
2755,1,0,0,1,0,0
2756,1,1,0,0,0,1
2757,0,1,1,1,1,1
2758,1,0,1,1,1,0
2759,1,1,1,1,1,1
2760,1,1,0,1,1,0
2761,1,1,0,1,0,0
2762,1,0,1,1,0,1
2763,0,1,1,0,1,0
2764,0,0,1,0,0,1
2765,0,1,1,1,1,1
2766,1,1,0,1,1,0
2767,1,1,1,0,1,0
2768,1,1,0,0,0,1
2769,1,1,0,1,1,1
2770,1,1,0,1,1,1
2771,1,1,0,0,0,0
2772,1,0,0,0,0,1
2773,1,1,1,1,1,0
2774,1,1,0,1,0,0
2775,1,1,1,1,1,1
2776,1,1,0,0,1,0
2777,1,1,0,1,1,1
2778,1,1,0,0,1,1
2779,1,1,1,1,1,1
2780,1,1,1,1,1,1
2781,1,0,1,1,0,0
2782,0,0,1,0,0,1
2783,1,1,1,1,1,0
2784,1,1,1,0,1,1
2785,1,1,1,1,1,0
2786,1,1,0,1,1,0
2787,1,1,1,0,1,1
2788,1,1,1,1,1,1
2789,1,1,1,1,1,1
2790,0,0,1,1,1,1
2791,1,1,1,1,1,0
2792,1,0,1,1,0,0
2793,1,1,1,0,0,1
2794,1,1,1,1,1,1
2795,0,1,1,1,1,1
2796,1,1,1,1,1,1
2797,0,1,0,1,1,0
2798,1,1,0,1,1,1
2799,1,1,0,1,1,0
2800,1,1,1,1,1,1
2801,1,1,1,0,1,1
2802,1,1,1,0,0,1
2803,0,1,1,1,1,0
2804,1,1,0,0,1,1
2805,1,0,1,1,1,1
2806,1,0,1,0,0,0
2807,0,1,0,1,1,0
2808,1,1,1,1,1,1
2809,0,1,1,1,1,1
2810,1,0,0,0,1,1
2811,0,1,0,0,1,0
2812,1,1,0,1,1,1
2813,0,1,0,1,0,0
2814,0,0,1,0,1,0
2815,1,1,0,1,1,0
2816,1,1,0,1,1,1
2817,1,1,1,1,1,1
2818,1,1,1,0,1,1
2819,1,1,1,1,0,0
2820,1,0,1,1,1,0
2821,1,1,1,1,0,1
2822,1,0,0,0,1,0
2823,1,0,1,0,0,1
2824,0,1,1,1,1,1
2825,1,1,1,0,0,0
2826,1,1,0,0,1,1
2827,1,1,1,1,0,1
2828,0,1,0,0,0,0
2829,1,1,1,1,1,1
2830,1,1,1,1,1,0
2831,1,1,1,0,1,1
2832,0,1,0,0,1,1
2833,1,1,0,1,1,0
2834,1,1,1,1,1,1
2835,1,1,1,1,1,1
2836,1,1,1,1,1,1
2837,1,0,1,1,0,1
2838,1,0,1,1,1,1
2839,1,0,1,0,1,1
2840,1,1,0,1,0,1
2841,0,1,1,1,1,0
2842,0,1,1,1,1,1
2843,1,0,1,0,1,0
2844,0,1,0,0,1,1
2845,1,0,1,0,1,0
2846,0,1,1,0,1,1
2847,1,1,1,0,1,1
2848,1,1,1,1,1,1
2849,1,0,1,1,1,1
2850,1,0,1,1,1,0
2851,1,1,1,1,1,1
2852,1,0,1,1,0,1
2853,1,1,1,1,1,1
2854,1,1,1,1,0,1
2855,1,0,1,1,1,1
2856,0,1,0,1,1,1
2857,1,0,1,1,1,1
2858,1,1,1,1,0,1
2859,1,1,1,0,1,0
2860,1,1,1,0,1,1
2861,1,1,1,1,1,0
2862,1,1,1,0,1,1
2863,1,1,1,1,1,0
2864,1,0,1,0,1,0
2865,0,1,1,1,1,1
2866,1,1,1,1,1,1
2867,0,1,1,0,1,1
2868,1,1,0,0,0,1
2869,1,0,1,0,1,0
2870,1,1,1,1,1,1
2871,1,1,1,1,0,0
2872,0,0,0,1,1,1
2873,1,0,1,0,1,1
2874,0,1,1,1,1,1
2875,1,1,0,1,1,0
2876,0,1,1,0,1,0
2877,1,1,1,1,0,1
2878,0,1,0,1,1,1
2879,0,0,0,0,0,1
2880,1,1,1,1,1,1
2881,1,0,1,0,1,0
2882,0,1,1,0,0,1
2883,1,1,1,1,1,1
2884,1,1,0,1,1,1
2885,1,1,1,1,1,1
2886,1,1,0,0,0,0
2887,0,1,0,1,1,1
2888,0,1,1,1,1,1
2889,0,0,0,0,0,0
2890,1,1,1,1,1,1
2891,0,1,1,1,1,1
2892,1,0,1,0,1,1
2893,1,1,1,1,1,1
2894,1,1,0,1,0,1
2895,1,1,1,1,1,0
2896,1,0,1,0,0,1
2897,1,1,1,0,0,1
2898,0,1,1,1,1,0
2899,1,0,1,1,0,1
2900,1,1,1,1,0,1
2901,1,1,1,1,1,1
2902,1,1,0,1,0,1
2903,1,1,1,1,0,0
2904,0,0,1,1,1,1
2905,0,1,1,1,1,1
2906,1,1,1,1,0,1
2907,1,1,1,1,0,0
2908,0,0,1,1,1,1
2909,0,1,1,1,1,0
2910,1,1,0,0,0,1
2911,1,1,1,1,1,0
2912,1,0,1,1,0,1
2913,1,1,1,1,1,0
2914,1,1,1,1,1,1
2915,1,0,1,0,1,0
2916,0,1,1,1,0,1
2917,0,1,1,0,1,1
2918,0,0,1,1,1,0
2919,1,1,1,0,1,1
2920,1,1,0,1,1,0
2921,1,1,1,0,1,1
2922,1,0,0,1,1,1
2923,1,0,1,1,1,1
2924,1,0,1,1,0,1
2925,1,1,1,1,1,1
2926,0,0,0,1,0,1
2927,1,1,1,1,1,1
2928,1,1,1,0,1,0
2929,1,1,1,1,0,1
2930,0,1,1,1,0,1
2931,1,0,1,1,1,0
2932,1,0,0,0,1,0
2933,1,1,1,1,1,1
2934,1,1,1,1,1,1
2935,1,1,1,1,1,1
2936,1,0,0,1,1,1
2937,1,1,1,0,1,0
2938,1,0,1,1,0,1
2939,1,1,1,1,1,1
2940,1,1,0,1,1,1
2941,1,0,1,0,0,1
2942,0,1,1,0,1,1
2943,1,1,1,1,0,1
2944,0,1,1,1,1,1
2945,0,1,1,1,1,1
2946,0,0,0,1,1,1
2947,1,1,0,1,1,1
2948,1,1,1,1,0,1
2949,1,1,1,1,1,1
2950,1,1,1,0,1,1
2951,1,1,1,0,1,1
2952,0,1,1,1,1,0
2953,1,0,1,1,1,0
2954,1,1,1,1,1,0
2955,1,1,1,1,0,1
2956,1,1,1,1,1,1
2957,1,1,0,0,1,1
2958,1,0,1,1,1,1
2959,1,0,0,1,0,0
2960,0,1,1,1,1,1
2961,1,1,0,1,0,1
2962,1,1,1,0,1,1
2963,1,1,1,1,0,1
2964,1,0,0,1,1,0
2965,1,1,1,1,1,1
2966,1,1,1,1,1,1
2967,1,0,0,0,1,1
2968,1,1,0,1,1,0
2969,1,1,1,0,1,1
2970,1,0,1,1,1,1
2971,0,1,0,1,1,1
2972,0,0,1,0,1,1
2973,0,1,0,1,1,1
2974,1,0,1,1,1,1
2975,1,1,1,1,1,1
2976,1,1,0,0,1,0
2977,1,1,1,1,0,1
2978,1,1,1,1,1,1
2979,1,1,1,1,1,0
2980,1,1,0,0,1,1
2981,1,0,1,1,1,1
2982,1,1,1,1,1,1
2983,0,1,1,1,1,1
2984,0,1,1,0,1,1
2985,1,1,1,1,0,1
2986,0,1,1,0,1,0
2987,1,1,1,1,1,1
2988,1,0,1,1,1,1
2989,1,1,1,0,1,1
2990,1,1,0,1,1,1
2991,0,0,1,1,1,1
2992,1,1,1,1,0,1
2993,1,1,1,1,0,0
2994,0,1,1,0,1,0
2995,0,1,1,1,0,1
2996,1,0,1,1,0,1
2997,0,0,1,1,0,1
2998,1,1,1,0,1,1
2999,1,1,0,1,0,0
3000,1,1,1,1,1,1
3001,1,1,0,0,1,1
3002,0,1,1,1,1,1
3003,1,1,1,0,0,0
3004,1,1,1,1,1,0
3005,0,1,1,1,1,1
3006,1,1,1,1,0,0
3007,0,1,1,0,1,1
3008,1,1,1,1,1,1
3009,1,0,0,1,1,0
3010,1,1,0,1,1,1
3011,1,0,1,1,1,1
3012,1,0,1,1,1,1
3013,1,1,0,1,1,1
3014,1,1,1,1,1,1
3015,1,1,1,1,1,1
3016,1,1,1,1,0,1
3017,1,1,1,1,1,1
3018,0,1,1,1,1,1
3019,0,1,1,1,0,0
3020,0,0,1,1,1,1
3021,0,0,0,0,1,1
3022,1,1,1,0,1,0
3023,1,0,1,0,0,0
3024,1,1,1,1,0,1
3025,1,1,1,1,0,1
3026,0,0,1,1,1,0
3027,0,1,1,1,1,0
3028,1,1,1,0,1,1
3029,0,1,1,1,1,0
3030,1,1,1,1,1,1
3031,1,1,1,0,0,0
3032,1,1,1,1,1,1
3033,1,0,1,1,1,1
3034,1,0,0,0,0,1
3035,1,0,0,1,1,1
3036,0,1,0,1,1,1
3037,0,0,1,0,1,1
3038,1,1,1,1,1,1
3039,1,0,1,1,1,1
3040,1,1,1,1,1,1
3041,0,0,1,1,1,0
3042,1,0,1,1,1,0
3043,1,0,1,0,1,0
3044,1,1,0,1,0,1
3045,1,1,1,0,1,1
3046,1,1,1,1,1,1
3047,0,1,0,1,0,1
3048,1,0,1,1,0,1
3049,0,1,1,1,1,1
3050,1,1,1,1,1,1
3051,1,1,1,0,1,1
3052,1,1,1,1,1,1
3053,1,0,0,0,1,1
3054,1,1,0,0,0,1
3055,1,1,1,0,1,1
3056,1,0,1,0,0,1
3057,1,1,0,1,0,0
3058,1,1,1,1,1,1
3059,1,1,0,1,0,0
3060,1,0,1,1,1,1
3061,0,1,1,1,0,1
3062,1,1,1,1,1,0
3063,0,1,1,1,1,1
3064,1,1,1,1,0,1
3065,1,1,1,1,1,1
3066,1,1,1,0,0,1
3067,0,1,0,0,0,0
3068,0,1,1,0,0,1
3069,1,1,0,0,1,0
3070,1,0,1,1,1,0
3071,1,1,1,1,1,1
3072,1,1,0,0,0,0
3073,1,1,1,1,1,1
3074,1,0,1,1,1,1
3075,0,1,1,0,0,1
3076,1,1,1,0,0,1
3077,1,1,1,1,1,1
3078,1,1,1,0,1,1
3079,1,1,1,1,1,1
3080,0,1,0,1,1,1
3081,1,1,0,1,1,1
3082,1,1,1,1,1,1
3083,1,1,1,0,1,1
3084,1,1,1,1,0,1
3085,1,1,1,1,1,1
3086,0,1,1,1,1,0
3087,1,1,1,1,1,1
3088,0,1,0,1,1,1
3089,1,1,1,1,1,0
3090,0,0,0,1,1,1
3091,1,1,1,0,0,1
3092,1,1,0,0,0,1
3093,1,1,1,1,1,1
3094,1,1,1,1,1,1
3095,1,0,1,0,1,1
3096,1,1,1,1,0,1
3097,1,1,1,0,1,1
3098,1,1,1,1,1,1
3099,0,1,1,0,1,1
3100,1,1,1,1,1,1
3101,1,1,1,1,1,0
3102,1,1,1,1,1,0
3103,1,1,1,1,1,1
3104,1,1,0,0,0,1
3105,0,1,0,0,0,1
3106,1,1,1,1,1,0
3107,1,1,1,1,1,1
3108,1,1,1,1,1,1
3109,1,1,0,1,1,1
3110,1,1,1,1,0,1
3111,1,1,1,1,1,0
3112,1,1,1,1,1,0
3113,1,0,1,1,0,1
3114,1,1,0,1,1,1
3115,1,1,1,0,0,0
3116,1,1,1,0,0,0
3117,1,1,0,1,1,1
3118,1,1,1,1,0,1
3119,0,1,0,0,0,0
3120,1,1,1,1,0,1
3121,1,1,1,1,1,1
3122,1,0,0,1,1,0
3123,1,0,1,1,1,0
3124,1,1,1,0,1,0
3125,1,0,1,1,0,1
3126,0,0,1,0,1,1
3127,1,1,1,0,0,1
3128,1,1,1,1,0,1
3129,0,1,1,1,1,0
3130,1,1,1,1,1,1
3131,1,1,1,1,1,1
3132,1,1,1,1,1,0
3133,1,0,1,1,1,0
3134,0,1,1,1,0,1
3135,1,0,1,1,1,1
3136,1,1,1,0,1,1
3137,1,0,1,0,1,0
3138,1,0,1,1,0,1
3139,1,1,1,1,1,1
3140,1,1,1,1,1,1
3141,1,1,1,1,1,0
3142,0,1,1,0,0,1
3143,1,0,1,1,0,1
3144,1,1,0,0,1,1
3145,0,1,0,1,1,1
3146,0,1,1,1,0,1
3147,1,0,0,1,1,0
3148,0,1,0,1,1,1
3149,1,0,1,1,1,0
3150,0,1,1,1,0,1
3151,1,0,0,1,0,0
3152,0,1,0,1,0,1
3153,0,0,0,1,1,1
3154,1,1,1,1,1,1
3155,1,1,1,0,1,0
3156,0,1,0,1,1,1
3157,1,1,0,1,1,1
3158,1,1,0,1,1,1
3159,1,1,1,1,1,1
3160,1,0,1,1,1,0
3161,1,0,0,1,1,1
3162,1,1,0,1,0,0
3163,1,1,1,1,1,0
3164,0,0,0,1,1,1
3165,1,1,1,1,1,1
3166,1,1,1,1,1,0
3167,1,0,0,0,0,0
3168,0,1,0,1,0,1
3169,1,1,1,1,1,1
3170,1,0,1,1,0,1
3171,1,1,0,1,0,1
3172,1,0,1,1,1,1
3173,1,1,1,1,1,1
3174,1,0,0,1,1,1
3175,1,1,1,0,1,0
3176,1,1,0,1,1,0
3177,0,1,1,1,1,1
3178,1,1,1,1,1,1
3179,0,1,1,0,1,0
3180,1,0,0,0,1,1
3181,0,1,1,0,1,0
3182,1,1,1,1,1,1
3183,1,1,1,1,0,1
3184,1,1,1,1,1,1
3185,0,1,0,1,1,1
3186,1,1,1,0,1,1
3187,1,1,1,0,1,1
3188,1,0,1,0,1,1
3189,1,1,1,1,0,0
3190,0,0,1,1,1,1
3191,1,1,1,1,0,0
3192,0,1,1,1,0,1
3193,1,1,0,0,1,1
3194,0,1,1,0,1,0
3195,1,1,1,1,0,1
3196,1,1,1,0,1,0
3197,1,1,1,1,1,1
3198,1,1,1,1,1,1
3199,1,1,0,1,1,1
3200,1,1,1,0,1,1
3201,1,0,0,1,1,0
3202,0,0,1,0,1,1
3203,0,1,1,1,0,1
3204,0,1,0,1,0,1
3205,0,0,0,1,1,0
3206,1,1,1,0,1,1
3207,1,1,1,1,0,0
3208,0,1,1,1,0,0
3209,0,0,1,0,1,1
3210,1,0,1,0,1,1
3211,1,0,1,1,0,0
3212,1,1,0,1,1,1
3213,1,1,0,1,0,1
3214,1,1,1,0,1,1
3215,1,1,1,1,1,1
3216,1,1,0,0,1,1
3217,1,1,1,0,0,1
3218,1,1,0,1,1,0
3219,1,1,1,1,0,1
3220,1,0,1,1,1,1
3221,1,1,0,0,1,1
3222,1,1,0,1,1,0
3223,1,1,1,0,0,1
3224,1,1,1,1,1,1
3225,1,0,0,0,1,1
3226,1,1,1,1,1,1
3227,0,1,1,1,1,1
3228,1,1,1,1,1,1
3229,1,0,0,1,1,0
3230,1,1,1,1,1,1
3231,1,1,1,1,0,1
3232,0,1,0,0,0,0
3233,0,0,1,0,1,1
3234,1,1,0,0,1,1
3235,1,1,1,1,1,1
3236,1,1,0,1,1,1
3237,1,1,1,0,1,0
3238,0,0,1,1,1,1
3239,1,1,1,1,1,1
3240,1,0,0,1,1,0
3241,1,1,1,1,0,1
3242,0,0,0,1,0,0
3243,0,1,1,0,1,1
3244,1,1,1,0,1,1
3245,1,0,1,1,0,0
3246,1,0,0,1,0,1
3247,1,0,1,1,1,0
3248,1,0,1,1,1,1
3249,1,1,1,1,1,0
3250,0,1,0,1,0,1
3251,1,1,1,1,0,1
3252,0,1,1,1,1,1
3253,0,1,0,1,0,1
3254,1,1,0,1,1,1
3255,1,1,0,1,0,1
3256,1,1,1,1,1,1
3257,0,1,1,1,1,1
3258,1,0,1,1,1,1
3259,1,1,1,1,0,1
3260,1,1,0,0,1,1
3261,1,1,0,1,0,1
3262,1,0,1,0,0,1
3263,0,1,1,1,1,1
3264,1,0,1,1,1,1
3265,1,1,1,1,0,1
3266,1,0,1,1,1,1
3267,0,1,1,0,1,1
3268,0,1,1,1,1,1
3269,1,1,1,1,0,1
3270,1,1,1,1,1,1
3271,1,1,1,0,1,1
3272,0,0,0,0,1,1
3273,1,1,1,0,1,0
3274,1,1,0,0,1,1
3275,0,1,1,1,1,0
3276,1,0,0,1,1,0
3277,1,0,0,1,0,1
3278,0,1,1,1,1,0
3279,1,1,0,1,1,1
3280,1,0,0,1,1,1
3281,1,1,1,0,0,1
3282,1,0,1,0,0,1
3283,0,1,1,1,1,1
3284,0,0,1,0,0,1
3285,1,1,1,1,1,1
3286,0,1,0,1,1,0
3287,1,1,1,1,0,1
3288,0,0,1,1,1,0
3289,0,0,0,1,0,1
3290,1,1,1,0,1,1
3291,0,1,0,1,1,0
3292,1,1,0,1,1,0
3293,0,1,1,0,1,1
3294,0,1,1,1,1,1
3295,0,1,0,0,1,0
3296,1,1,1,1,0,1
3297,1,1,1,1,1,0
3298,1,1,1,1,0,1
3299,1,0,1,0,1,1
3300,0,0,1,1,1,1
3301,0,1,1,1,1,0
3302,1,1,1,1,1,0
3303,1,0,1,1,1,0
3304,0,1,0,1,1,0
3305,1,0,1,1,1,1
3306,1,0,1,0,1,0
3307,1,1,0,1,1,1
3308,1,1,0,0,1,1
3309,1,1,1,1,1,1
3310,1,1,1,1,1,1
3311,1,1,1,0,1,1
3312,1,1,0,1,1,1
3313,0,0,1,1,1,1
3314,1,1,1,1,1,1
3315,1,1,1,1,0,1
3316,1,1,1,0,1,1
3317,1,1,1,0,1,0
3318,1,1,1,1,1,1
3319,1,1,1,1,1,1
3320,0,0,1,0,0,1
3321,1,1,1,1,0,1
3322,0,1,1,1,0,1
3323,1,1,1,1,0,0
3324,1,0,0,1,1,1
3325,0,1,1,1,0,1
3326,1,1,1,1,1,1
3327,1,1,1,1,1,1
3328,1,0,1,1,1,1
3329,1,0,0,1,0,1
3330,1,1,0,0,0,1
3331,1,1,1,1,1,1
3332,0,1,1,1,1,1
3333,0,1,0,1,1,1
3334,1,1,1,1,1,0
3335,1,0,1,1,1,1
3336,1,0,1,0,1,1
3337,0,1,1,0,1,1
3338,0,1,0,1,1,0
3339,0,1,1,1,0,0
3340,1,0,0,1,0,1
3341,1,1,1,0,0,0
3342,1,1,1,1,1,1
3343,1,0,0,1,1,1
3344,1,1,0,1,0,1
3345,1,1,1,0,1,1
3346,1,1,1,1,1,1
3347,0,1,1,1,0,1
3348,1,1,1,0,0,1
3349,0,1,1,0,0,1
3350,1,0,1,1,0,1
3351,0,0,0,1,0,1
3352,1,1,0,1,1,1
3353,0,1,1,1,1,1
3354,1,0,0,1,1,0
3355,1,1,1,1,1,1
3356,1,1,1,0,1,1
3357,0,1,1,0,1,0
3358,1,1,1,1,1,0
3359,1,1,0,1,1,1
3360,1,0,0,1,1,1
3361,1,1,1,1,0,0
3362,1,1,1,1,0,1
3363,1,1,1,1,0,0
3364,1,0,1,1,0,1
3365,1,1,0,1,1,0
3366,1,0,0,1,1,1
3367,1,1,1,1,0,1
3368,0,1,0,1,0,0
3369,0,1,1,1,1,1
3370,1,0,1,0,1,1
3371,1,1,1,1,1,0
3372,1,0,1,1,1,1
3373,1,1,1,1,1,1
3374,0,1,1,1,1,1
3375,1,1,1,1,1,1
3376,1,0,0,0,1,1
3377,1,0,1,1,1,0
3378,1,1,1,1,1,0
3379,0,1,0,0,1,0
3380,0,0,1,1,1,1
3381,0,1,0,1,1,1
3382,1,1,1,1,1,1
3383,1,1,1,1,0,0
3384,1,0,0,1,1,1
3385,1,0,1,1,0,1
3386,1,0,0,0,1,1
3387,1,0,0,1,1,1
3388,1,0,0,0,1,1
3389,1,1,1,1,0,1
3390,1,1,1,1,1,1
3391,0,0,0,0,0,1
3392,0,1,1,1,1,1
3393,1,1,1,0,1,0
3394,1,1,1,1,1,0
3395,1,0,0,1,0,1
3396,0,0,1,1,0,0
3397,1,1,1,0,1,1
3398,1,0,1,1,1,1
3399,1,1,0,1,1,1
3400,0,1,1,1,1,1
3401,1,1,1,1,0,1
3402,1,1,0,0,1,0
3403,0,1,0,1,0,1
3404,1,1,1,1,1,0
3405,0,1,1,1,0,1
3406,1,0,1,1,0,0
3407,1,1,1,1,0,1
3408,1,1,1,0,1,1
3409,1,0,0,1,1,1
3410,1,0,1,0,0,0
3411,1,1,0,0,1,1
3412,0,1,1,1,1,0
3413,0,1,1,1,0,1
3414,1,1,1,0,1,1
3415,1,1,1,1,1,1
3416,1,1,1,1,0,1
3417,1,1,0,1,1,1
3418,1,1,1,1,1,0
3419,1,0,0,0,1,1
3420,1,0,1,1,1,1
3421,1,1,1,1,1,1
3422,0,1,1,1,1,1
3423,1,1,1,1,1,0
3424,1,1,0,0,1,1
3425,1,1,0,1,1,0
3426,0,1,1,1,1,1
3427,0,0,1,1,1,1
3428,0,1,0,0,1,1
3429,1,1,1,1,1,0
3430,1,1,1,0,1,1
3431,1,1,1,1,1,1
3432,1,0,1,0,1,1
3433,1,0,1,1,1,0
3434,1,1,1,1,0,1
3435,1,0,0,0,1,1
3436,1,1,1,1,1,0
3437,1,1,0,1,1,1
3438,1,0,0,1,1,1
3439,1,0,0,0,1,1
3440,1,0,0,0,0,1
3441,1,1,0,1,1,0
3442,0,1,0,0,0,1
3443,1,1,1,1,0,1
3444,1,1,0,1,0,0
3445,1,0,1,0,1,1
3446,1,1,1,1,1,0
3447,1,1,0,0,1,0
3448,0,0,0,1,1,0
3449,1,1,1,0,0,1
3450,0,1,1,1,1,1
3451,1,1,1,1,1,1
3452,0,1,1,1,0,1
3453,1,1,1,1,1,0
3454,1,1,1,0,1,1
3455,1,1,1,0,0,1
3456,1,1,0,1,1,1
3457,1,1,1,0,1,0
3458,0,0,1,1,1,1
3459,1,1,1,1,0,1
3460,1,1,0,0,1,1
3461,1,0,1,1,1,0
3462,0,1,1,1,0,0
3463,1,1,0,0,0,1
3464,1,1,1,0,1,1
3465,0,1,1,0,1,1
3466,0,1,0,1,1,1
3467,0,0,1,1,0,1
3468,0,1,1,1,1,1
3469,0,1,0,1,1,1
3470,0,1,1,1,1,0
3471,1,1,0,1,0,1
3472,1,1,0,1,1,1
3473,1,1,0,1,0,1
3474,1,1,1,0,1,0
3475,1,1,1,1,1,1
3476,0,1,1,1,1,1
3477,1,1,1,1,1,1
3478,1,1,1,0,1,0
3479,0,1,0,1,1,1
3480,1,1,0,1,1,1
3481,1,0,1,1,1,1
3482,1,1,1,1,1,1
3483,1,1,0,1,0,0
3484,0,0,1,1,0,1
3485,1,1,0,1,0,1
3486,0,0,1,1,1,0
3487,1,0,1,1,1,1
3488,0,0,1,1,1,0
3489,1,1,1,1,1,1
3490,0,1,0,1,0,0
3491,1,0,0,1,1,0
3492,1,1,1,1,0,1
3493,1,1,0,1,0,1
3494,1,1,1,0,1,1
3495,0,0,0,1,1,1
3496,1,0,1,0,1,1
3497,0,0,1,0,0,1
3498,1,1,1,0,1,1
3499,1,1,1,1,1,1
3500,0,1,0,1,0,1
3501,1,1,1,1,0,0
3502,1,0,1,1,0,1
3503,0,1,0,1,1,1
3504,0,0,1,1,1,1
3505,1,1,1,1,0,0
3506,0,1,0,1,1,1
3507,0,1,0,1,1,1
3508,1,0,0,1,1,1
3509,1,1,1,1,0,1
3510,1,1,1,1,1,1
3511,1,1,1,1,1,1
3512,1,1,1,0,0,1
3513,1,1,1,1,0,1
3514,1,0,1,1,0,0
3515,1,0,0,1,1,1
3516,1,1,0,1,1,0
3517,0,1,1,1,0,0
3518,1,1,1,0,1,1
3519,0,1,1,1,1,1
3520,1,1,0,0,1,0
3521,1,0,1,1,1,0
3522,1,1,1,0,1,1
3523,1,1,1,1,1,0
3524,1,0,1,1,1,0
3525,1,1,1,1,1,1
3526,0,1,0,0,1,0
3527,1,1,0,0,1,1
3528,1,1,1,1,1,1
3529,1,0,1,1,1,1
3530,0,1,1,1,1,1
3531,1,1,1,1,1,1
3532,1,1,0,1,0,1
3533,1,1,1,1,1,0
3534,1,1,1,1,1,0
3535,0,1,1,1,1,1
3536,1,0,1,1,1,1
3537,1,0,1,1,0,0
3538,1,1,1,1,1,1
3539,1,1,1,0,1,1
3540,1,1,1,1,0,1
3541,1,0,1,1,1,0
3542,0,1,1,1,1,0
3543,0,0,0,1,1,1
3544,1,0,1,1,0,0
3545,1,1,1,1,1,0
3546,1,1,1,0,1,1
3547,0,0,1,1,1,0
3548,0,0,1,0,0,1
3549,1,1,1,1,1,1
3550,1,0,1,1,1,0
3551,1,0,0,1,1,1
3552,1,1,1,1,1,1
3553,0,1,0,1,0,1
3554,1,0,0,1,1,1
3555,1,1,1,1,1,0
3556,1,1,1,1,1,0
3557,1,0,1,1,1,1
3558,1,1,1,1,1,0
3559,0,0,1,1,1,1
3560,0,1,1,1,1,1
3561,0,0,1,1,0,0
3562,1,0,1,0,1,0
3563,1,1,0,0,1,1
3564,1,1,0,1,1,1
3565,0,0,1,0,1,0
3566,1,1,1,1,0,1
3567,1,1,0,1,1,0
3568,0,1,1,1,1,0
3569,1,1,1,0,1,1
3570,1,1,1,1,1,1
3571,1,1,1,1,1,0
3572,1,0,0,1,1,1
3573,0,1,0,0,1,1
3574,1,1,0,1,1,1
3575,0,1,1,0,1,1
3576,1,1,1,0,1,1
3577,0,1,0,1,1,1
3578,1,1,0,1,0,1
3579,1,1,1,1,0,1
3580,1,1,1,1,0,1
3581,1,1,0,0,1,1
3582,1,1,1,0,1,1
3583,0,1,1,1,0,1
3584,1,1,0,1,1,0
3585,1,1,1,1,1,1
3586,1,1,1,0,0,1
3587,0,0,1,1,1,1
3588,1,1,1,1,1,1
3589,1,0,1,0,1,1
3590,0,1,0,1,0,1
3591,0,1,1,1,1,1
3592,1,1,0,1,0,1
3593,0,0,1,1,1,1
3594,0,0,1,1,1,0
3595,0,1,1,0,1,0
3596,1,1,0,1,1,1
3597,1,1,0,1,1,0
3598,0,1,1,0,0,1
3599,1,0,1,1,1,1
3600,1,1,1,0,1,1
3601,0,1,1,1,1,1
3602,1,1,1,0,1,1
3603,1,1,1,1,1,1
3604,0,0,0,1,1,1
3605,1,1,1,1,1,0
3606,0,1,1,0,0,1
3607,0,1,1,1,0,1
3608,1,0,0,1,0,1
3609,1,0,1,1,1,1
3610,1,1,1,1,0,1
3611,0,1,0,0,1,1
3612,1,1,1,1,1,1
3613,1,1,0,1,1,1
3614,1,1,0,1,0,1
3615,1,1,0,1,1,1
3616,1,0,1,1,0,1
3617,1,1,1,1,1,1
3618,1,1,1,1,1,1
3619,1,1,1,0,1,0
3620,1,1,0,1,0,1
3621,1,1,0,1,1,0
3622,0,1,0,1,0,1
3623,1,1,1,1,0,1
3624,1,0,1,0,1,1
3625,1,0,1,1,0,1
3626,0,1,0,1,0,1
3627,1,1,1,0,1,0
3628,0,1,1,0,0,1
3629,1,1,1,1,1,1
3630,1,1,1,0,0,1
3631,1,0,1,1,0,1
3632,0,0,0,1,0,1
3633,1,1,0,1,1,1
3634,1,0,1,1,1,1
3635,1,1,1,0,1,0
3636,1,1,1,0,1,1
3637,1,1,1,1,1,1
3638,0,1,1,1,1,0
3639,1,1,1,1,1,1
3640,1,0,1,1,1,0
3641,1,1,1,0,0,1
3642,0,1,1,1,1,1
3643,1,1,0,1,1,1
3644,1,1,1,0,0,0
3645,1,0,1,1,0,0
3646,1,1,0,1,1,1
3647,0,1,0,1,0,1
3648,1,1,0,1,0,1
3649,1,0,0,1,0,0
3650,1,1,1,1,1,1
3651,1,1,1,1,1,1
3652,1,1,1,0,1,1
3653,1,1,0,1,1,0
3654,0,0,0,0,1,1
3655,1,1,1,1,1,1
3656,1,1,0,1,1,1
3657,0,0,0,1,1,1
3658,0,0,0,1,1,1
3659,1,1,1,0,1,1
3660,1,1,1,1,1,0
3661,1,1,1,0,1,1
3662,1,1,1,1,1,1
3663,0,1,1,1,0,0
3664,1,1,1,1,1,1
3665,1,1,0,1,1,1
3666,1,1,1,1,1,1
3667,1,1,1,0,0,1
3668,1,0,1,1,1,1
3669,0,1,0,0,1,0
3670,1,1,1,1,1,1
3671,1,1,0,1,1,1
3672,1,1,0,0,1,0
3673,1,0,1,1,1,0
3674,1,1,0,1,1,0
3675,0,1,1,1,1,1
3676,1,0,0,1,1,1
3677,1,0,1,0,1,0
3678,1,1,0,1,0,1
3679,1,1,1,1,1,1
3680,1,0,0,1,0,1
3681,1,1,1,1,1,1
3682,1,1,1,1,1,0
3683,0,0,1,1,1,1
3684,1,1,1,0,1,1
3685,1,1,1,1,1,1
3686,1,1,0,1,1,1
3687,0,1,1,1,1,1
3688,1,1,1,0,0,1
3689,0,1,0,1,1,0
3690,1,1,1,1,1,1
3691,1,1,1,1,1,1
3692,1,0,1,1,0,0
3693,1,1,1,1,0,1
3694,1,1,1,1,0,1
3695,1,1,1,1,1,1
3696,0,1,1,0,0,1
3697,0,1,1,0,0,0
3698,1,1,0,0,0,1
3699,0,0,1,0,0,0
3700,0,1,1,1,1,0
3701,1,1,1,1,1,1
3702,0,1,1,1,0,0
3703,1,1,1,1,1,1
3704,0,1,1,1,1,1
3705,1,1,0,1,1,1
3706,1,1,0,1,0,1
3707,1,0,1,0,0,1
3708,1,1,1,1,0,1
3709,0,0,1,1,1,1
3710,1,0,1,1,0,1
3711,1,1,0,1,0,1
3712,0,1,1,0,1,1
3713,1,1,1,0,1,0
3714,1,1,0,1,1,1
3715,1,0,0,0,1,1
3716,1,0,1,1,0,0
3717,1,1,1,1,1,0
3718,1,1,0,0,0,1
3719,1,1,1,0,1,1
3720,1,0,1,0,0,1
3721,1,1,1,1,1,0
3722,0,1,0,1,1,1
3723,1,0,1,1,0,0
3724,1,1,1,0,0,1
3725,1,1,0,0,1,1
3726,0,1,1,1,1,0
3727,1,1,1,1,1,0
3728,1,1,0,0,1,1
3729,1,0,1,1,1,1
3730,1,1,1,1,1,1
3731,1,1,1,1,0,1
3732,1,0,1,1,1,1
3733,1,1,1,0,1,1
3734,0,1,1,1,1,0
3735,1,0,1,1,1,1
3736,1,1,1,0,1,1
3737,1,1,1,1,0,1
3738,1,1,1,1,1,0
3739,1,0,1,1,1,1
3740,0,1,0,0,0,1
3741,1,1,1,1,0,1
3742,1,1,0,1,1,1
3743,1,1,1,0,1,1
3744,0,1,0,0,1,1
3745,1,0,1,0,0,1
3746,0,1,0,0,1,1
3747,1,1,1,1,1,1
3748,1,1,1,1,0,0
3749,0,1,1,0,1,1
3750,1,1,1,0,1,1
3751,1,1,0,1,1,1
3752,1,1,1,0,1,0
3753,1,0,0,1,1,1
3754,1,1,1,0,1,1
3755,1,0,1,1,1,1
3756,1,1,1,1,1,1
3757,1,1,0,1,1,0
3758,1,0,0,1,0,1
3759,1,1,1,1,0,0
3760,1,1,1,1,1,1
3761,0,1,1,1,1,0
3762,1,1,1,0,1,1
3763,1,0,1,1,1,1
3764,0,0,0,1,0,0
3765,1,1,1,0,1,1
3766,1,1,1,1,1,0
3767,0,0,1,1,0,0
3768,1,1,0,1,0,1
3769,0,1,1,1,1,1
3770,1,1,1,0,1,1
3771,1,0,1,1,1,1
3772,1,1,0,1,1,1
3773,0,1,1,0,1,0
3774,1,1,1,1,1,1
3775,1,1,1,1,0,1
3776,0,1,1,1,1,1
3777,1,1,1,1,0,0
3778,0,1,1,0,1,0
3779,1,0,1,1,1,1
3780,1,0,1,0,1,0
3781,1,1,1,1,1,1
3782,1,1,1,1,1,1
3783,1,0,0,1,1,1
3784,1,1,1,0,1,1
3785,0,1,1,1,1,1
3786,1,0,1,1,1,0
3787,1,1,0,1,1,1
3788,1,1,1,1,1,1
3789,1,0,1,1,1,1
3790,1,1,1,1,1,1
3791,1,1,0,1,1,1
3792,1,1,1,0,1,1
3793,1,0,0,1,1,0
3794,1,1,0,1,1,1
3795,1,1,1,0,1,1
3796,1,1,1,1,1,1
3797,0,1,1,1,1,1
3798,1,1,1,1,1,1
3799,0,1,1,1,1,0
3800,1,0,0,1,1,1
3801,1,1,1,1,0,0
3802,1,1,1,1,1,1
3803,1,1,1,0,0,1
3804,1,1,1,1,1,0
3805,0,0,1,0,0,1
3806,0,1,1,1,1,1
3807,1,1,1,0,1,0
3808,0,1,1,0,0,1
3809,1,1,1,0,1,1
3810,1,0,1,1,1,0
3811,1,1,1,0,1,1
3812,1,1,1,0,1,0
3813,1,1,1,1,1,1
3814,1,1,1,1,1,1
3815,1,1,0,1,1,0
3816,0,0,1,1,0,1
3817,1,0,1,1,1,1
3818,1,1,1,1,1,1
3819,1,1,0,1,0,0
3820,1,1,1,1,1,0
