,anger,fear,joy,love,sadness,surprise
0,1,0,0,0,0,0
1,0,0,0,0,1,0
2,1,0,0,0,0,0
3,0,0,0,0,0,1
4,1,0,0,0,0,0
5,0,0,0,0,0,1
6,1,0,0,0,0,0
7,1,0,0,0,0,0
8,1,0,0,0,0,0
9,1,0,0,0,0,0
10,1,0,0,0,0,0
11,0,0,1,0,0,0
12,1,0,0,0,0,0
13,0,0,0,0,0,1
14,1,0,0,0,0,0
15,1,0,0,0,0,0
16,1,0,0,0,0,0
17,1,0,0,0,0,0
18,1,0,0,0,0,0
19,1,0,0,0,0,0
20,0,0,0,0,1,0
21,0,0,0,0,0,1
22,0,0,0,0,1,0
23,1,0,0,0,0,0
24,1,0,0,0,0,0
25,1,0,0,0,0,0
26,1,0,0,0,0,0
27,0,0,0,0,1,0
28,0,0,0,0,0,1
29,0,0,0,0,0,1
30,1,0,0,0,0,0
31,1,0,0,0,0,0
32,1,0,0,0,0,0
33,1,0,0,0,0,0
34,0,0,0,0,1,0
35,1,0,0,0,0,0
36,0,0,0,0,0,1
37,0,0,0,0,1,0
38,1,0,0,0,0,0
39,1,0,0,0,0,0
40,0,0,0,0,0,1
41,1,0,0,0,0,0
42,1,0,0,0,0,0
43,0,0,1,0,0,0
44,0,0,1,0,0,0
45,0,0,1,0,0,0
46,0,0,0,0,0,1
47,0,0,0,0,0,1
48,0,0,0,0,1,0
49,0,0,0,0,0,1
50,0,0,0,0,1,0
51,0,0,0,0,0,1
52,0,0,0,0,0,1
53,0,1,0,0,0,0
54,0,0,0,0,1,0
55,0,0,0,0,1,0
56,0,0,0,0,0,1
57,0,0,0,0,0,1
58,0,0,0,0,1,0
59,1,0,0,0,0,0
60,1,0,0,0,0,0
61,1,0,0,0,0,0
62,0,0,0,0,0,1
63,0,0,0,0,0,1
64,1,0,0,0,0,0
65,0,0,0,0,0,1
66,0,0,0,0,1,0
67,0,0,0,0,1,0
68,1,0,0,0,0,0
69,0,0,1,0,0,0
70,0,0,0,0,0,1
71,1,0,0,0,0,0
72,0,0,0,0,0,1
73,1,0,0,0,0,0
74,0,0,0,0,1,0
75,1,0,0,0,0,0
76,1,0,0,0,0,0
77,0,0,0,0,0,1
78,0,0,0,0,0,1
79,1,0,0,0,0,0
80,1,0,0,0,0,0
81,1,0,0,0,0,0
82,1,0,0,0,0,0
83,1,0,0,0,0,0
84,1,0,0,0,0,0
85,0,0,0,1,0,0
86,0,0,0,1,0,0
87,0,0,0,1,0,0
88,0,0,0,0,1,0
89,0,0,0,0,1,0
90,0,0,1,0,0,0
91,0,0,0,0,0,1
92,0,0,0,0,0,1
93,0,0,1,0,0,0
94,1,0,0,0,0,0
95,0,0,0,0,0,1
96,0,0,0,0,1,0
97,1,0,0,0,0,0
98,1,0,0,0,0,0
99,1,0,0,0,0,0
100,0,0,0,0,1,0
101,1,0,0,0,0,0
102,0,0,0,0,1,0
103,1,0,0,0,0,0
104,1,0,0,0,0,0
105,0,0,0,0,0,1
106,1,0,0,0,0,0
107,0,0,0,0,0,1
108,0,0,0,0,0,1
109,0,0,0,0,1,0
110,0,0,0,0,1,0
111,1,0,0,0,0,0
112,1,0,0,0,0,0
113,0,0,0,0,0,1
114,0,0,0,0,0,1
115,1,0,0,0,0,0
116,0,0,0,0,0,1
117,1,0,0,0,0,0
118,1,0,0,0,0,0
119,1,0,0,0,0,0
120,0,1,0,0,0,0
121,1,0,0,0,0,0
122,0,0,0,0,1,0
123,0,0,0,0,1,0
124,0,0,0,0,1,0
125,0,0,0,1,0,0
126,1,0,0,0,0,0
127,1,0,0,0,0,0
128,1,0,0,0,0,0
129,0,1,0,0,0,0
130,0,0,0,0,0,1
131,0,0,1,0,0,0
132,0,0,1,0,0,0
133,0,0,0,0,0,1
134,1,0,0,0,0,0
135,1,0,0,0,0,0
136,0,0,0,0,1,0
137,1,0,0,0,0,0
138,1,0,0,0,0,0
139,0,0,1,0,0,0
140,1,0,0,0,0,0
141,1,0,0,0,0,0
142,0,0,0,1,0,0
143,1,0,0,0,0,0
144,0,0,0,0,0,1
145,0,0,0,1,0,0
146,0,0,0,0,0,1
147,0,0,1,0,0,0
148,0,0,0,0,0,1
149,0,0,0,0,0,1
150,0,1,0,0,0,0
151,0,0,0,0,1,0
152,1,0,0,0,0,0
153,0,1,0,0,0,0
154,1,0,0,0,0,0
155,0,0,0,0,1,0
156,1,0,0,0,0,0
157,1,0,0,0,0,0
158,0,0,0,0,0,1
159,1,0,0,0,0,0
160,0,0,0,0,0,1
161,0,0,0,0,0,1
162,0,0,0,0,0,1
163,0,1,0,0,0,0
164,1,0,0,0,0,0
165,1,0,0,0,0,0
166,1,0,0,0,0,0
167,1,0,0,0,0,0
168,1,0,0,0,0,0
169,0,0,1,0,0,0
170,1,0,0,0,0,0
171,0,0,0,0,1,0
172,0,0,0,0,1,0
173,0,0,0,0,0,1
174,0,0,0,0,0,1
175,1,0,0,0,0,0
176,0,0,0,0,0,1
177,0,1,0,0,0,0
178,1,0,0,0,0,0
179,1,0,0,0,0,0
180,0,0,0,0,0,1
181,0,0,1,0,0,0
182,1,0,0,0,0,0
183,0,0,0,0,1,0
184,1,0,0,0,0,0
185,1,0,0,0,0,0
186,1,0,0,0,0,0
187,0,0,0,0,0,1
188,1,0,0,0,0,0
189,1,0,0,0,0,0
190,1,0,0,0,0,0
191,1,0,0,0,0,0
192,0,0,0,0,1,0
193,1,0,0,0,0,0
194,0,0,0,1,0,0
195,0,0,0,0,0,1
196,1,0,0,0,0,0
197,0,0,0,0,0,1
198,0,0,0,0,0,1
199,0,0,0,0,1,0
200,0,0,0,1,0,0
201,0,0,0,0,0,1
202,0,0,0,0,0,1
203,1,0,0,0,0,0
204,0,0,0,1,0,0
205,1,0,0,0,0,0
206,0,0,0,0,0,1
207,1,0,0,0,0,0
208,1,0,0,0,0,0
209,0,0,1,0,0,0
210,1,0,0,0,0,0
211,1,0,0,0,0,0
212,0,0,0,0,0,1
213,0,0,0,0,0,1
214,0,0,0,0,0,1
215,1,0,0,0,0,0
216,0,0,0,0,0,1
217,0,0,0,0,1,0
218,0,0,1,0,0,0
219,1,0,0,0,0,0
220,0,0,1,0,0,0
221,0,0,0,0,0,1
222,0,0,0,1,0,0
223,0,1,0,0,0,0
224,0,0,0,0,0,1
225,0,0,0,0,0,1
226,1,0,0,0,0,0
227,0,0,0,0,1,0
228,0,0,1,0,0,0
229,1,0,0,0,0,0
230,1,0,0,0,0,0
231,0,0,0,0,1,0
232,0,0,0,0,0,1
233,1,0,0,0,0,0
234,1,0,0,0,0,0
235,0,0,1,0,0,0
236,1,0,0,0,0,0
237,1,0,0,0,0,0
238,0,0,0,0,1,0
239,1,0,0,0,0,0
240,0,0,1,0,0,0
241,1,0,0,0,0,0
242,1,0,0,0,0,0
243,1,0,0,0,0,0
244,1,0,0,0,0,0
245,0,1,0,0,0,0
246,1,0,0,0,0,0
247,0,0,0,0,0,1
248,0,0,0,0,0,1
249,0,0,0,0,0,1
250,1,0,0,0,0,0
251,0,0,0,1,0,0
252,0,0,1,0,0,0
253,1,0,0,0,0,0
254,0,0,1,0,0,0
255,0,0,0,0,1,0
256,1,0,0,0,0,0
257,1,0,0,0,0,0
258,1,0,0,0,0,0
259,1,0,0,0,0,0
260,0,0,1,0,0,0
261,0,0,0,0,1,0
262,0,0,0,0,0,1
263,1,0,0,0,0,0
264,1,0,0,0,0,0
265,0,0,0,0,1,0
266,0,0,1,0,0,0
267,1,0,0,0,0,0
268,0,0,0,0,1,0
269,0,0,0,0,1,0
270,0,1,0,0,0,0
271,0,0,0,0,0,1
272,0,1,0,0,0,0
273,0,0,0,0,1,0
274,1,0,0,0,0,0
275,1,0,0,0,0,0
276,0,0,1,0,0,0
277,0,1,0,0,0,0
278,0,0,0,0,0,1
279,1,0,0,0,0,0
280,0,0,0,0,0,1
281,1,0,0,0,0,0
282,0,0,0,0,0,1
283,1,0,0,0,0,0
284,1,0,0,0,0,0
285,0,0,0,0,0,1
286,0,0,0,0,0,1
287,0,0,0,0,1,0
288,0,0,0,0,1,0
289,0,0,0,0,1,0
290,0,0,0,0,0,1
291,0,0,0,1,0,0
292,0,0,1,0,0,0
293,1,0,0,0,0,0
294,1,0,0,0,0,0
295,0,0,0,1,0,0
296,1,0,0,0,0,0
297,1,0,0,0,0,0
298,0,0,0,0,0,1
299,1,0,0,0,0,0
300,0,0,1,0,0,0
301,0,0,0,0,0,1
302,0,0,0,0,0,1
303,0,0,0,0,0,1
304,0,0,0,1,0,0
305,0,0,0,0,0,1
306,0,0,0,0,0,1
307,0,0,0,0,1,0
308,1,0,0,0,0,0
309,1,0,0,0,0,0
310,1,0,0,0,0,0
311,0,0,0,0,0,1
312,1,0,0,0,0,0
313,1,0,0,0,0,0
314,0,0,0,0,0,1
315,1,0,0,0,0,0
316,0,0,0,0,0,1
317,0,0,0,0,0,1
318,1,0,0,0,0,0
319,1,0,0,0,0,0
320,1,0,0,0,0,0
321,0,1,0,0,0,0
322,0,0,0,0,0,1
323,1,0,0,0,0,0
324,0,1,0,0,0,0
325,0,0,0,0,0,1
326,0,0,0,0,1,0
327,1,0,0,0,0,0
328,1,0,0,0,0,0
329,1,0,0,0,0,0
330,1,0,0,0,0,0
331,0,1,0,0,0,0
332,0,0,0,0,1,0
333,0,0,1,0,0,0
334,0,0,0,0,1,0
335,0,0,0,0,0,1
336,1,0,0,0,0,0
337,1,0,0,0,0,0
338,1,0,0,0,0,0
339,0,0,0,0,0,1
340,0,0,0,0,1,0
341,0,0,0,1,0,0
342,0,0,1,0,0,0
343,0,0,0,0,0,1
344,1,0,0,0,0,0
345,0,1,0,0,0,0
346,1,0,0,0,0,0
347,1,0,0,0,0,0
348,0,0,0,0,0,1
349,1,0,0,0,0,0
350,0,0,0,0,0,1
351,0,0,0,0,0,1
352,1,0,0,0,0,0
353,1,0,0,0,0,0
354,0,0,1,0,0,0
355,1,0,0,0,0,0
356,0,0,0,1,0,0
357,1,0,0,0,0,0
358,0,0,0,0,0,1
359,1,0,0,0,0,0
360,0,1,0,0,0,0
361,0,0,1,0,0,0
362,1,0,0,0,0,0
363,0,0,0,0,1,0
364,0,1,0,0,0,0
365,0,0,0,0,0,1
366,1,0,0,0,0,0
367,1,0,0,0,0,0
368,1,0,0,0,0,0
369,1,0,0,0,0,0
370,1,0,0,0,0,0
371,1,0,0,0,0,0
372,1,0,0,0,0,0
373,0,0,1,0,0,0
374,0,0,1,0,0,0
375,0,0,0,0,1,0
376,0,0,0,0,0,1
377,1,0,0,0,0,0
378,1,0,0,0,0,0
379,0,0,1,0,0,0
380,0,0,0,0,0,1
381,1,0,0,0,0,0
382,1,0,0,0,0,0
383,0,1,0,0,0,0
384,0,0,0,0,0,1
385,0,0,0,0,0,1
386,1,0,0,0,0,0
387,1,0,0,0,0,0
388,0,0,0,0,0,1
389,1,0,0,0,0,0
390,1,0,0,0,0,0
391,1,0,0,0,0,0
392,0,0,0,0,1,0
393,0,0,0,0,0,1
394,1,0,0,0,0,0
395,0,0,0,0,1,0
396,1,0,0,0,0,0
397,0,0,0,0,0,1
398,0,0,0,0,1,0
399,1,0,0,0,0,0
400,1,0,0,0,0,0
401,0,0,0,0,0,1
402,0,0,0,0,0,1
403,0,0,0,1,0,0
404,0,0,0,0,1,0
405,0,0,0,1,0,0
406,0,1,0,0,0,0
407,0,0,1,0,0,0
408,1,0,0,0,0,0
409,0,0,1,0,0,0
410,0,0,0,0,0,1
411,1,0,0,0,0,0
412,0,0,1,0,0,0
413,0,0,0,0,0,1
414,0,1,0,0,0,0
415,1,0,0,0,0,0
416,1,0,0,0,0,0
417,0,0,0,0,0,1
418,0,0,0,0,0,1
419,1,0,0,0,0,0
420,0,0,0,1,0,0
421,0,0,0,0,0,1
422,1,0,0,0,0,0
423,0,0,0,0,0,1
424,0,0,0,0,1,0
425,0,0,0,0,0,1
426,0,0,0,1,0,0
427,0,1,0,0,0,0
428,0,0,0,0,0,1
429,0,0,0,0,1,0
430,0,0,0,0,0,1
431,0,0,0,0,1,0
432,1,0,0,0,0,0
433,0,0,1,0,0,0
434,0,0,0,0,0,1
435,0,0,0,0,1,0
436,1,0,0,0,0,0
437,1,0,0,0,0,0
438,1,0,0,0,0,0
439,1,0,0,0,0,0
440,1,0,0,0,0,0
441,1,0,0,0,0,0
442,1,0,0,0,0,0
443,0,0,0,0,0,1
444,0,1,0,0,0,0
445,0,1,0,0,0,0
446,1,0,0,0,0,0
447,0,0,0,0,1,0
448,1,0,0,0,0,0
449,0,0,0,0,0,1
450,0,0,0,0,0,1
451,0,0,0,0,0,1
452,1,0,0,0,0,0
453,0,0,0,0,0,1
454,0,0,0,0,0,1
455,0,0,0,0,0,1
456,0,0,1,0,0,0
457,0,0,0,0,0,1
458,1,0,0,0,0,0
459,1,0,0,0,0,0
460,0,0,0,0,1,0
461,0,0,0,0,0,1
462,0,0,0,0,0,1
463,1,0,0,0,0,0
464,0,0,0,0,0,1
465,1,0,0,0,0,0
466,0,1,0,0,0,0
467,0,0,0,0,0,1
468,1,0,0,0,0,0
469,1,0,0,0,0,0
470,0,0,0,0,1,0
471,0,0,0,0,0,1
472,0,0,1,0,0,0
473,0,0,0,1,0,0
474,1,0,0,0,0,0
475,0,0,0,0,1,0
476,1,0,0,0,0,0
477,1,0,0,0,0,0
478,0,0,0,0,1,0
479,1,0,0,0,0,0
480,1,0,0,0,0,0
481,1,0,0,0,0,0
482,1,0,0,0,0,0
483,1,0,0,0,0,0
484,1,0,0,0,0,0
485,1,0,0,0,0,0
486,0,0,0,0,0,1
487,1,0,0,0,0,0
488,0,0,0,0,1,0
489,1,0,0,0,0,0
490,0,0,0,0,0,1
491,1,0,0,0,0,0
492,1,0,0,0,0,0
493,0,1,0,0,0,0
494,1,0,0,0,0,0
495,1,0,0,0,0,0
496,0,0,0,0,0,1
497,0,0,0,0,0,1
498,0,0,1,0,0,0
499,0,0,0,0,1,0
500,0,0,0,0,1,0
501,0,0,1,0,0,0
502,1,0,0,0,0,0
503,0,0,0,0,1,0
504,0,0,1,0,0,0
505,1,0,0,0,0,0
506,0,0,0,1,0,0
507,1,0,0,0,0,0
508,1,0,0,0,0,0
509,0,0,1,0,0,0
510,1,0,0,0,0,0
511,0,0,0,1,0,0
512,0,0,1,0,0,0
513,0,0,0,0,0,1
514,0,0,0,0,0,1
515,1,0,0,0,0,0
516,1,0,0,0,0,0
517,0,0,0,0,0,1
518,1,0,0,0,0,0
519,0,0,0,0,1,0
520,1,0,0,0,0,0
521,0,0,0,0,0,1
522,1,0,0,0,0,0
523,1,0,0,0,0,0
524,1,0,0,0,0,0
525,0,0,0,0,1,0
526,1,0,0,0,0,0
527,1,0,0,0,0,0
528,0,0,0,0,0,1
529,0,0,0,0,1,0
530,1,0,0,0,0,0
531,0,0,0,0,1,0
532,0,0,1,0,0,0
533,0,0,0,0,1,0
534,1,0,0,0,0,0
535,1,0,0,0,0,0
536,1,0,0,0,0,0
537,1,0,0,0,0,0
538,1,0,0,0,0,0
539,0,0,0,0,1,0
540,0,0,0,0,0,1
541,0,0,0,0,0,1
542,1,0,0,0,0,0
543,0,0,0,0,1,0
544,0,0,0,0,0,1
545,0,0,0,0,0,1
546,0,0,1,0,0,0
547,0,0,1,0,0,0
548,0,1,0,0,0,0
549,0,0,0,0,1,0
550,1,0,0,0,0,0
551,1,0,0,0,0,0
552,0,0,0,0,0,1
553,0,0,0,0,1,0
554,0,0,0,0,1,0
555,1,0,0,0,0,0
556,1,0,0,0,0,0
557,1,0,0,0,0,0
558,0,0,1,0,0,0
559,1,0,0,0,0,0
560,1,0,0,0,0,0
561,1,0,0,0,0,0
562,0,0,0,0,1,0
563,1,0,0,0,0,0
564,0,0,1,0,0,0
565,0,0,0,0,1,0
566,0,0,0,0,1,0
567,0,0,0,0,0,1
568,0,0,0,0,0,1
569,0,1,0,0,0,0
570,0,0,1,0,0,0
571,1,0,0,0,0,0
572,0,0,0,0,1,0
573,1,0,0,0,0,0
574,0,0,0,0,0,1
575,0,0,1,0,0,0
576,0,0,0,0,0,1
577,1,0,0,0,0,0
578,1,0,0,0,0,0
579,0,0,0,0,1,0
580,0,0,0,0,0,1
581,0,0,0,0,1,0
582,0,1,0,0,0,0
583,1,0,0,0,0,0
584,1,0,0,0,0,0
585,0,0,0,1,0,0
586,1,0,0,0,0,0
587,1,0,0,0,0,0
588,0,0,0,0,1,0
589,1,0,0,0,0,0
590,0,0,0,1,0,0
591,1,0,0,0,0,0
592,0,0,0,0,0,1
593,1,0,0,0,0,0
594,0,0,0,0,1,0
595,0,1,0,0,0,0
596,0,0,0,0,0,1
597,0,0,0,0,0,1
598,0,0,0,0,1,0
599,1,0,0,0,0,0
600,1,0,0,0,0,0
601,1,0,0,0,0,0
602,0,1,0,0,0,0
603,0,0,0,0,1,0
604,1,0,0,0,0,0
605,0,1,0,0,0,0
606,0,0,0,0,0,1
607,0,0,0,0,0,1
608,0,0,0,1,0,0
609,0,0,1,0,0,0
610,1,0,0,0,0,0
611,1,0,0,0,0,0
612,0,1,0,0,0,0
613,0,0,0,0,0,1
614,0,0,0,0,1,0
615,0,0,0,0,0,1
616,0,0,0,0,0,1
617,0,0,0,0,0,1
618,1,0,0,0,0,0
619,1,0,0,0,0,0
620,1,0,0,0,0,0
621,0,0,0,0,1,0
622,1,0,0,0,0,0
623,0,0,0,0,0,1
624,0,1,0,0,0,0
625,1,0,0,0,0,0
626,0,1,0,0,0,0
627,1,0,0,0,0,0
628,0,0,0,0,1,0
629,0,0,1,0,0,0
630,1,0,0,0,0,0
631,0,0,0,0,0,1
632,0,0,0,0,0,1
633,1,0,0,0,0,0
634,0,0,0,0,1,0
635,0,0,0,0,0,1
636,0,0,0,0,1,0
637,1,0,0,0,0,0
638,0,0,0,0,0,1
639,1,0,0,0,0,0
640,1,0,0,0,0,0
641,1,0,0,0,0,0
642,1,0,0,0,0,0
643,1,0,0,0,0,0
644,1,0,0,0,0,0
645,0,0,0,1,0,0
646,1,0,0,0,0,0
647,0,0,1,0,0,0
648,1,0,0,0,0,0
649,1,0,0,0,0,0
650,1,0,0,0,0,0
651,0,0,0,0,0,1
652,0,0,0,0,0,1
653,1,0,0,0,0,0
654,1,0,0,0,0,0
655,0,0,1,0,0,0
656,0,0,0,0,1,0
657,1,0,0,0,0,0
658,0,0,0,0,0,1
659,0,0,0,0,0,1
660,1,0,0,0,0,0
661,0,0,1,0,0,0
662,0,0,0,0,0,1
663,0,0,0,0,0,1
664,0,1,0,0,0,0
665,1,0,0,0,0,0
666,0,0,0,0,0,1
667,1,0,0,0,0,0
668,0,0,0,0,1,0
669,0,0,0,0,0,1
670,0,0,0,1,0,0
671,0,0,0,0,0,1
672,0,0,1,0,0,0
673,1,0,0,0,0,0
674,0,0,0,0,1,0
675,0,0,0,0,0,1
676,1,0,0,0,0,0
677,0,0,0,0,1,0
678,0,0,0,0,0,1
679,1,0,0,0,0,0
680,1,0,0,0,0,0
681,0,0,0,0,0,1
682,0,0,0,0,1,0
683,1,0,0,0,0,0
684,0,0,0,0,1,0
685,0,0,0,0,0,1
686,1,0,0,0,0,0
687,1,0,0,0,0,0
688,1,0,0,0,0,0
689,0,0,0,0,0,1
690,0,0,0,0,1,0
691,1,0,0,0,0,0
692,0,0,0,0,0,1
693,1,0,0,0,0,0
694,1,0,0,0,0,0
695,1,0,0,0,0,0
696,0,0,0,0,1,0
697,0,0,0,0,1,0
698,1,0,0,0,0,0
699,1,0,0,0,0,0
700,1,0,0,0,0,0
701,0,0,0,0,0,1
702,1,0,0,0,0,0
703,1,0,0,0,0,0
704,0,0,0,0,1,0
705,0,1,0,0,0,0
706,1,0,0,0,0,0
707,1,0,0,0,0,0
708,0,0,1,0,0,0
709,1,0,0,0,0,0
710,1,0,0,0,0,0
711,0,0,0,0,0,1
712,1,0,0,0,0,0
713,1,0,0,0,0,0
714,1,0,0,0,0,0
715,0,0,0,0,0,1
716,1,0,0,0,0,0
717,0,0,0,0,1,0
718,0,0,0,0,1,0
719,0,0,1,0,0,0
720,0,0,0,1,0,0
721,0,0,0,0,1,0
722,1,0,0,0,0,0
723,0,0,1,0,0,0
724,1,0,0,0,0,0
725,0,0,0,0,1,0
726,1,0,0,0,0,0
727,1,0,0,0,0,0
728,0,0,1,0,0,0
729,0,0,1,0,0,0
730,0,0,1,0,0,0
731,0,0,0,1,0,0
732,0,0,0,0,1,0
733,0,0,0,0,0,1
734,0,0,0,1,0,0
735,0,0,0,0,1,0
736,1,0,0,0,0,0
737,0,0,0,0,0,1
738,1,0,0,0,0,0
739,1,0,0,0,0,0
740,1,0,0,0,0,0
741,0,0,0,0,1,0
742,0,0,0,0,0,1
743,0,0,0,0,1,0
744,0,0,0,0,0,1
745,0,0,1,0,0,0
746,0,0,0,0,1,0
747,0,0,0,0,0,1
748,1,0,0,0,0,0
749,1,0,0,0,0,0
750,0,0,0,0,1,0
751,1,0,0,0,0,0
752,0,0,0,0,0,1
753,0,0,0,0,0,1
754,1,0,0,0,0,0
755,0,0,0,0,0,1
756,0,0,1,0,0,0
757,1,0,0,0,0,0
758,0,0,0,0,0,1
759,1,0,0,0,0,0
760,1,0,0,0,0,0
761,0,0,0,1,0,0
762,1,0,0,0,0,0
763,1,0,0,0,0,0
764,0,0,1,0,0,0
765,0,0,1,0,0,0
766,0,0,0,0,0,1
767,0,0,0,0,1,0
768,1,0,0,0,0,0
769,1,0,0,0,0,0
770,1,0,0,0,0,0
771,0,0,0,0,0,1
772,1,0,0,0,0,0
773,0,0,0,0,0,1
774,0,0,0,0,0,1
775,0,0,1,0,0,0
776,1,0,0,0,0,0
777,1,0,0,0,0,0
778,0,0,0,0,0,1
779,0,0,0,0,0,1
780,1,0,0,0,0,0
781,1,0,0,0,0,0
782,1,0,0,0,0,0
783,0,0,0,0,1,0
784,0,0,0,0,1,0
785,0,0,1,0,0,0
786,0,0,0,0,1,0
787,1,0,0,0,0,0
788,1,0,0,0,0,0
789,0,0,1,0,0,0
790,1,0,0,0,0,0
791,1,0,0,0,0,0
792,0,0,0,0,0,1
793,0,0,0,0,0,1
794,0,0,0,0,0,1
795,1,0,0,0,0,0
796,0,0,1,0,0,0
797,0,0,0,0,0,1
798,0,0,0,0,0,1
799,0,0,0,0,0,1
800,1,0,0,0,0,0
801,0,0,0,0,0,1
802,0,0,0,0,1,0
803,0,0,1,0,0,0
804,0,0,0,0,1,0
805,0,0,0,0,1,0
806,0,0,1,0,0,0
807,1,0,0,0,0,0
808,1,0,0,0,0,0
809,1,0,0,0,0,0
810,0,0,1,0,0,0
811,0,0,0,0,1,0
812,1,0,0,0,0,0
813,0,0,0,0,0,1
814,0,0,0,0,1,0
815,1,0,0,0,0,0
816,1,0,0,0,0,0
817,0,0,0,0,1,0
818,1,0,0,0,0,0
819,1,0,0,0,0,0
820,0,0,0,0,0,1
821,0,0,0,0,0,1
822,1,0,0,0,0,0
823,1,0,0,0,0,0
824,0,1,0,0,0,0
825,0,0,0,0,0,1
826,0,0,0,0,1,0
827,1,0,0,0,0,0
828,1,0,0,0,0,0
829,1,0,0,0,0,0
830,0,0,0,0,1,0
831,0,0,1,0,0,0
832,1,0,0,0,0,0
833,1,0,0,0,0,0
834,1,0,0,0,0,0
835,1,0,0,0,0,0
836,1,0,0,0,0,0
837,1,0,0,0,0,0
838,1,0,0,0,0,0
839,0,0,0,0,0,1
840,0,0,0,0,0,1
841,0,0,1,0,0,0
842,0,0,1,0,0,0
843,0,0,0,0,0,1
844,0,0,0,0,1,0
845,1,0,0,0,0,0
846,1,0,0,0,0,0
847,0,0,0,1,0,0
848,1,0,0,0,0,0
849,1,0,0,0,0,0
850,1,0,0,0,0,0
851,0,0,0,0,0,1
852,0,0,0,0,0,1
853,0,0,0,0,0,1
854,0,0,0,1,0,0
855,0,0,0,0,1,0
856,0,0,0,1,0,0
857,1,0,0,0,0,0
858,1,0,0,0,0,0
859,0,0,0,0,0,1
860,1,0,0,0,0,0
861,1,0,0,0,0,0
862,0,0,0,1,0,0
863,0,0,0,0,1,0
864,0,0,0,0,0,1
865,0,0,0,1,0,0
866,1,0,0,0,0,0
867,0,0,0,0,0,1
868,1,0,0,0,0,0
869,1,0,0,0,0,0
870,1,0,0,0,0,0
871,1,0,0,0,0,0
872,0,0,0,0,1,0
873,0,0,0,1,0,0
874,0,0,0,0,0,1
875,0,0,0,0,0,1
876,1,0,0,0,0,0
877,1,0,0,0,0,0
878,0,0,0,0,1,0
879,1,0,0,0,0,0
880,0,0,0,0,0,1
881,0,0,0,0,0,1
882,0,0,0,0,1,0
883,0,0,0,0,0,1
884,0,0,0,0,0,1
885,0,0,0,0,0,1
886,1,0,0,0,0,0
887,0,0,0,0,1,0
888,0,0,0,0,1,0
889,0,0,1,0,0,0
890,0,0,0,0,0,1
891,0,0,1,0,0,0
892,0,0,0,0,1,0
893,0,0,0,0,0,1
894,1,0,0,0,0,0
895,0,0,0,0,0,1
896,0,0,0,0,0,1
897,0,0,1,0,0,0
898,1,0,0,0,0,0
899,0,0,0,0,0,1
900,1,0,0,0,0,0
901,1,0,0,0,0,0
902,0,1,0,0,0,0
903,1,0,0,0,0,0
904,1,0,0,0,0,0
905,0,0,1,0,0,0
906,1,0,0,0,0,0
907,0,0,0,0,0,1
908,1,0,0,0,0,0
909,0,0,0,1,0,0
910,0,0,0,0,1,0
911,0,0,1,0,0,0
912,0,0,0,0,1,0
913,1,0,0,0,0,0
914,0,0,0,0,0,1
915,1,0,0,0,0,0
916,1,0,0,0,0,0
917,0,0,0,1,0,0
918,0,0,0,0,0,1
919,0,0,0,0,0,1
920,0,0,0,1,0,0
921,0,0,1,0,0,0
922,0,0,0,0,0,1
923,0,0,0,1,0,0
924,0,0,0,0,0,1
925,0,0,0,0,0,1
926,0,0,0,0,0,1
927,1,0,0,0,0,0
928,1,0,0,0,0,0
929,0,0,1,0,0,0
930,0,0,0,0,0,1
931,0,0,0,0,0,1
932,0,0,0,0,1,0
933,1,0,0,0,0,0
934,0,0,1,0,0,0
935,1,0,0,0,0,0
936,1,0,0,0,0,0
937,0,0,0,0,1,0
938,0,0,1,0,0,0
939,0,0,0,0,0,1
940,1,0,0,0,0,0
941,0,0,1,0,0,0
942,0,0,0,0,0,1
943,1,0,0,0,0,0
944,0,0,0,0,1,0
945,0,0,0,0,0,1
946,1,0,0,0,0,0
947,0,0,0,0,0,1
948,1,0,0,0,0,0
949,0,0,0,0,1,0
950,0,1,0,0,0,0
951,1,0,0,0,0,0
952,0,0,0,0,0,1
953,0,0,0,0,1,0
954,0,0,0,0,0,1
955,0,0,0,0,1,0
956,1,0,0,0,0,0
957,1,0,0,0,0,0
958,1,0,0,0,0,0
959,1,0,0,0,0,0
960,0,0,0,0,0,1
961,1,0,0,0,0,0
962,1,0,0,0,0,0
963,0,0,0,0,1,0
964,1,0,0,0,0,0
965,1,0,0,0,0,0
966,0,0,0,0,0,1
967,0,0,1,0,0,0
968,0,0,0,0,0,1
969,1,0,0,0,0,0
970,1,0,0,0,0,0
971,1,0,0,0,0,0
972,0,0,0,0,1,0
973,1,0,0,0,0,0
974,0,0,0,0,0,1
975,0,0,0,0,0,1
976,1,0,0,0,0,0
977,1,0,0,0,0,0
978,0,0,1,0,0,0
979,0,0,0,0,0,1
980,0,0,0,0,1,0
981,1,0,0,0,0,0
982,1,0,0,0,0,0
983,1,0,0,0,0,0
984,1,0,0,0,0,0
985,1,0,0,0,0,0
986,0,0,0,0,1,0
987,1,0,0,0,0,0
988,0,0,0,0,0,1
989,0,0,0,0,1,0
990,0,0,0,0,1,0
991,1,0,0,0,0,0
992,0,0,0,0,0,1
993,0,0,0,0,0,1
994,1,0,0,0,0,0
995,0,0,0,0,0,1
996,0,0,0,0,0,1
997,1,0,0,0,0,0
998,0,0,1,0,0,0
999,0,0,0,0,1,0
1000,0,0,1,0,0,0
1001,0,0,0,0,1,0
1002,0,0,1,0,0,0
1003,1,0,0,0,0,0
1004,0,0,0,0,0,1
1005,1,0,0,0,0,0
1006,0,0,0,1,0,0
1007,0,0,0,0,1,0
1008,0,0,0,0,1,0
1009,1,0,0,0,0,0
1010,1,0,0,0,0,0
1011,1,0,0,0,0,0
1012,0,0,0,0,0,1
1013,1,0,0,0,0,0
1014,0,0,0,0,0,1
1015,0,0,0,0,0,1
1016,1,0,0,0,0,0
1017,0,0,0,0,1,0
1018,0,1,0,0,0,0
1019,0,0,0,0,0,1
1020,1,0,0,0,0,0
1021,1,0,0,0,0,0
1022,0,0,0,0,0,1
1023,0,0,1,0,0,0
1024,0,0,0,0,0,1
1025,1,0,0,0,0,0
1026,1,0,0,0,0,0
1027,1,0,0,0,0,0
1028,1,0,0,0,0,0
1029,0,1,0,0,0,0
1030,1,0,0,0,0,0
1031,0,0,0,0,1,0
1032,0,0,0,0,1,0
1033,1,0,0,0,0,0
1034,1,0,0,0,0,0
1035,0,1,0,0,0,0
1036,0,0,0,0,0,1
1037,0,0,1,0,0,0
1038,1,0,0,0,0,0
1039,1,0,0,0,0,0
1040,0,1,0,0,0,0
1041,0,0,0,0,0,1
1042,1,0,0,0,0,0
1043,1,0,0,0,0,0
1044,1,0,0,0,0,0
1045,0,0,0,0,1,0
1046,1,0,0,0,0,0
1047,0,1,0,0,0,0
1048,1,0,0,0,0,0
1049,1,0,0,0,0,0
1050,0,0,1,0,0,0
1051,0,0,1,0,0,0
1052,0,0,0,0,0,1
1053,1,0,0,0,0,0
1054,0,0,0,1,0,0
1055,1,0,0,0,0,0
1056,1,0,0,0,0,0
1057,1,0,0,0,0,0
1058,0,0,0,0,1,0
1059,1,0,0,0,0,0
1060,0,0,0,0,0,1
1061,0,0,0,0,1,0
1062,0,0,0,0,0,1
1063,0,0,0,0,0,1
1064,1,0,0,0,0,0
1065,1,0,0,0,0,0
1066,1,0,0,0,0,0
1067,1,0,0,0,0,0
1068,0,0,0,0,0,1
1069,1,0,0,0,0,0
1070,1,0,0,0,0,0
1071,1,0,0,0,0,0
1072,0,0,1,0,0,0
1073,0,0,0,0,0,1
1074,0,1,0,0,0,0
1075,0,1,0,0,0,0
1076,1,0,0,0,0,0
1077,1,0,0,0,0,0
1078,0,0,0,0,0,1
1079,1,0,0,0,0,0
1080,0,0,0,0,0,1
1081,0,0,0,0,0,1
1082,0,0,1,0,0,0
1083,0,0,0,0,0,1
1084,0,0,0,0,0,1
1085,1,0,0,0,0,0
1086,0,0,0,0,1,0
1087,0,0,0,0,1,0
1088,1,0,0,0,0,0
1089,0,1,0,0,0,0
1090,1,0,0,0,0,0
1091,1,0,0,0,0,0
1092,0,0,0,0,1,0
1093,1,0,0,0,0,0
1094,0,0,0,0,1,0
1095,1,0,0,0,0,0
1096,1,0,0,0,0,0
1097,1,0,0,0,0,0
1098,1,0,0,0,0,0
1099,0,0,0,0,0,1
1100,0,0,0,0,0,1
1101,0,0,0,0,0,1
1102,0,1,0,0,0,0
1103,0,0,0,0,1,0
1104,1,0,0,0,0,0
1105,0,0,0,0,1,0
1106,0,0,0,0,0,1
1107,0,0,0,0,1,0
1108,0,0,0,0,1,0
1109,0,1,0,0,0,0
1110,1,0,0,0,0,0
1111,0,0,1,0,0,0
1112,0,0,0,0,0,1
1113,1,0,0,0,0,0
1114,0,0,0,0,0,1
1115,1,0,0,0,0,0
1116,0,0,0,0,0,1
1117,0,0,0,0,1,0
1118,0,0,0,0,1,0
1119,0,0,1,0,0,0
1120,1,0,0,0,0,0
1121,0,0,0,0,0,1
1122,0,0,0,0,0,1
1123,0,0,0,0,1,0
1124,1,0,0,0,0,0
1125,1,0,0,0,0,0
1126,1,0,0,0,0,0
1127,0,0,1,0,0,0
1128,1,0,0,0,0,0
1129,1,0,0,0,0,0
1130,0,0,0,0,0,1
1131,0,0,0,0,1,0
1132,0,1,0,0,0,0
1133,1,0,0,0,0,0
1134,0,1,0,0,0,0
1135,0,0,1,0,0,0
1136,0,0,0,0,1,0
1137,0,0,1,0,0,0
1138,1,0,0,0,0,0
1139,0,0,0,0,1,0
1140,0,0,0,0,0,1
1141,1,0,0,0,0,0
1142,0,0,0,1,0,0
1143,1,0,0,0,0,0
1144,0,0,0,0,1,0
1145,1,0,0,0,0,0
1146,1,0,0,0,0,0
1147,0,1,0,0,0,0
1148,0,0,0,0,0,1
1149,1,0,0,0,0,0
1150,1,0,0,0,0,0
1151,1,0,0,0,0,0
1152,0,0,0,0,1,0
1153,1,0,0,0,0,0
1154,0,0,1,0,0,0
1155,0,0,0,0,1,0
1156,0,0,0,0,0,1
1157,1,0,0,0,0,0
1158,1,0,0,0,0,0
1159,0,0,0,0,0,1
1160,0,0,1,0,0,0
1161,1,0,0,0,0,0
1162,0,0,1,0,0,0
1163,1,0,0,0,0,0
1164,1,0,0,0,0,0
1165,0,0,0,1,0,0
1166,0,0,0,0,1,0
1167,0,0,0,0,1,0
1168,1,0,0,0,0,0
1169,1,0,0,0,0,0
1170,1,0,0,0,0,0
1171,1,0,0,0,0,0
1172,0,0,0,0,1,0
1173,1,0,0,0,0,0
1174,0,0,1,0,0,0
1175,0,1,0,0,0,0
1176,1,0,0,0,0,0
1177,1,0,0,0,0,0
1178,1,0,0,0,0,0
1179,1,0,0,0,0,0
1180,0,0,0,0,1,0
1181,1,0,0,0,0,0
1182,0,0,0,0,1,0
1183,0,0,0,0,0,1
1184,1,0,0,0,0,0
1185,0,0,0,0,0,1
1186,0,0,0,0,0,1
1187,1,0,0,0,0,0
1188,1,0,0,0,0,0
1189,0,0,0,0,0,1
1190,1,0,0,0,0,0
1191,0,0,0,1,0,0
1192,0,0,1,0,0,0
1193,0,0,0,0,0,1
1194,0,0,1,0,0,0
1195,0,0,0,0,1,0
1196,0,0,0,0,1,0
1197,1,0,0,0,0,0
1198,0,0,0,0,0,1
1199,0,0,0,0,1,0
1200,1,0,0,0,0,0
1201,1,0,0,0,0,0
1202,1,0,0,0,0,0
1203,1,0,0,0,0,0
1204,1,0,0,0,0,0
1205,0,0,0,0,0,1
1206,1,0,0,0,0,0
1207,1,0,0,0,0,0
1208,0,0,1,0,0,0
1209,0,0,0,1,0,0
1210,0,0,1,0,0,0
1211,0,0,0,0,1,0
1212,1,0,0,0,0,0
1213,0,0,0,0,1,0
1214,0,0,0,0,1,0
1215,0,0,0,0,0,1
1216,0,0,0,0,0,1
1217,0,0,0,0,0,1
1218,0,0,0,0,0,1
1219,0,0,0,1,0,0
1220,0,0,1,0,0,0
1221,1,0,0,0,0,0
1222,0,0,0,0,1,0
1223,0,0,0,0,1,0
1224,0,0,0,0,1,0
1225,0,1,0,0,0,0
1226,0,0,1,0,0,0
1227,0,0,0,0,0,1
1228,0,0,0,0,0,1
1229,0,0,1,0,0,0
1230,1,0,0,0,0,0
1231,0,0,0,1,0,0
1232,1,0,0,0,0,0
1233,0,0,0,0,0,1
1234,0,0,0,0,0,1
1235,0,0,0,0,0,1
1236,0,1,0,0,0,0
1237,1,0,0,0,0,0
1238,1,0,0,0,0,0
1239,0,0,1,0,0,0
1240,1,0,0,0,0,0
1241,1,0,0,0,0,0
1242,0,0,0,0,1,0
1243,1,0,0,0,0,0
1244,0,1,0,0,0,0
1245,1,0,0,0,0,0
1246,1,0,0,0,0,0
1247,0,1,0,0,0,0
1248,0,0,0,0,0,1
1249,0,0,0,0,1,0
1250,0,0,0,0,0,1
1251,0,0,0,0,0,1
1252,0,0,0,1,0,0
1253,1,0,0,0,0,0
1254,0,0,0,0,0,1
1255,0,0,0,1,0,0
1256,1,0,0,0,0,0
1257,1,0,0,0,0,0
1258,1,0,0,0,0,0
1259,0,0,0,0,0,1
1260,0,0,0,0,0,1
1261,1,0,0,0,0,0
1262,1,0,0,0,0,0
1263,1,0,0,0,0,0
1264,0,0,1,0,0,0
1265,0,0,0,0,1,0
1266,0,0,0,0,0,1
1267,0,0,0,0,1,0
1268,1,0,0,0,0,0
1269,0,0,1,0,0,0
1270,0,0,0,0,1,0
1271,0,0,1,0,0,0
1272,0,0,0,0,1,0
1273,0,0,0,1,0,0
1274,1,0,0,0,0,0
1275,0,0,0,0,0,1
1276,1,0,0,0,0,0
1277,1,0,0,0,0,0
1278,1,0,0,0,0,0
1279,0,0,0,1,0,0
1280,1,0,0,0,0,0
1281,1,0,0,0,0,0
1282,0,0,0,0,0,1
1283,1,0,0,0,0,0
1284,1,0,0,0,0,0
1285,0,1,0,0,0,0
1286,1,0,0,0,0,0
1287,0,0,0,0,0,1
1288,0,0,0,0,0,1
1289,1,0,0,0,0,0
1290,0,0,0,0,0,1
1291,1,0,0,0,0,0
1292,1,0,0,0,0,0
1293,0,0,0,0,1,0
1294,1,0,0,0,0,0
1295,1,0,0,0,0,0
1296,1,0,0,0,0,0
1297,1,0,0,0,0,0
1298,0,0,0,0,0,1
1299,1,0,0,0,0,0
1300,0,0,0,0,0,1
1301,1,0,0,0,0,0
1302,1,0,0,0,0,0
1303,0,0,0,0,0,1
1304,1,0,0,0,0,0
1305,0,0,0,1,0,0
1306,0,0,0,0,0,1
1307,0,0,1,0,0,0
1308,0,0,0,0,0,1
1309,0,0,1,0,0,0
1310,0,0,0,1,0,0
1311,1,0,0,0,0,0
1312,0,0,0,0,0,1
1313,0,0,1,0,0,0
1314,0,0,0,0,1,0
1315,1,0,0,0,0,0
1316,0,0,0,0,0,1
1317,0,0,0,0,1,0
1318,1,0,0,0,0,0
1319,1,0,0,0,0,0
1320,0,0,0,0,1,0
1321,0,0,1,0,0,0
1322,0,0,0,1,0,0
1323,1,0,0,0,0,0
1324,1,0,0,0,0,0
1325,0,0,0,0,0,1
1326,0,0,0,0,1,0
1327,0,0,0,0,1,0
1328,1,0,0,0,0,0
1329,0,0,0,0,0,1
1330,0,0,1,0,0,0
1331,1,0,0,0,0,0
1332,0,0,0,0,0,1
1333,1,0,0,0,0,0
1334,0,0,1,0,0,0
1335,0,1,0,0,0,0
1336,0,0,1,0,0,0
1337,1,0,0,0,0,0
1338,1,0,0,0,0,0
1339,0,0,0,0,1,0
1340,0,0,0,0,0,1
1341,1,0,0,0,0,0
1342,0,0,1,0,0,0
1343,0,0,0,1,0,0
1344,0,0,0,0,0,1
1345,0,1,0,0,0,0
1346,0,0,0,0,1,0
1347,0,0,1,0,0,0
1348,0,0,0,1,0,0
1349,1,0,0,0,0,0
1350,0,0,0,0,1,0
1351,1,0,0,0,0,0
1352,0,0,0,0,1,0
1353,0,0,1,0,0,0
1354,0,0,0,0,1,0
1355,1,0,0,0,0,0
1356,1,0,0,0,0,0
1357,0,0,0,0,0,1
1358,1,0,0,0,0,0
1359,0,0,1,0,0,0
1360,0,0,0,0,0,1
1361,0,0,0,0,0,1
1362,0,0,1,0,0,0
1363,0,0,0,0,1,0
1364,1,0,0,0,0,0
1365,1,0,0,0,0,0
1366,0,0,0,0,0,1
1367,0,0,0,1,0,0
1368,0,1,0,0,0,0
1369,0,0,1,0,0,0
1370,0,0,0,0,0,1
1371,0,0,0,0,1,0
1372,0,0,0,0,0,1
1373,0,0,0,0,0,1
1374,1,0,0,0,0,0
1375,0,0,0,0,1,0
1376,1,0,0,0,0,0
1377,1,0,0,0,0,0
1378,0,0,0,0,1,0
1379,0,0,0,0,1,0
1380,1,0,0,0,0,0
1381,1,0,0,0,0,0
1382,1,0,0,0,0,0
1383,0,0,0,0,1,0
1384,1,0,0,0,0,0
1385,0,0,0,0,1,0
1386,1,0,0,0,0,0
1387,0,0,0,0,0,1
1388,1,0,0,0,0,0
1389,1,0,0,0,0,0
1390,0,0,0,1,0,0
1391,1,0,0,0,0,0
1392,1,0,0,0,0,0
1393,0,0,0,0,0,1
1394,0,0,0,0,0,1
1395,0,0,0,0,0,1
1396,1,0,0,0,0,0
1397,0,0,0,0,1,0
1398,1,0,0,0,0,0
1399,1,0,0,0,0,0
1400,1,0,0,0,0,0
1401,0,0,0,0,1,0
1402,1,0,0,0,0,0
1403,0,0,0,0,0,1
1404,1,0,0,0,0,0
1405,1,0,0,0,0,0
1406,1,0,0,0,0,0
1407,0,0,1,0,0,0
1408,1,0,0,0,0,0
1409,0,0,0,0,0,1
1410,0,0,1,0,0,0
1411,0,0,1,0,0,0
1412,0,0,0,0,1,0
1413,0,0,0,1,0,0
1414,1,0,0,0,0,0
1415,0,0,1,0,0,0
1416,1,0,0,0,0,0
1417,0,0,1,0,0,0
1418,1,0,0,0,0,0
1419,1,0,0,0,0,0
1420,0,0,0,0,1,0
1421,1,0,0,0,0,0
1422,1,0,0,0,0,0
1423,1,0,0,0,0,0
1424,0,0,0,0,1,0
1425,0,0,0,0,0,1
1426,1,0,0,0,0,0
1427,0,0,0,0,0,1
1428,0,0,0,0,0,1
1429,0,0,0,0,0,1
1430,1,0,0,0,0,0
1431,1,0,0,0,0,0
1432,1,0,0,0,0,0
1433,0,0,0,0,0,1
1434,1,0,0,0,0,0
1435,1,0,0,0,0,0
1436,0,0,0,0,0,1
1437,1,0,0,0,0,0
1438,0,0,0,0,0,1
1439,0,0,0,0,0,1
1440,0,0,0,1,0,0
1441,0,1,0,0,0,0
1442,1,0,0,0,0,0
1443,0,0,0,0,0,1
1444,0,0,0,0,0,1
1445,0,0,0,0,0,1
1446,0,0,1,0,0,0
1447,0,0,0,0,0,1
1448,0,0,0,0,0,1
1449,0,0,0,0,0,1
1450,1,0,0,0,0,0
1451,1,0,0,0,0,0
1452,1,0,0,0,0,0
1453,1,0,0,0,0,0
1454,0,0,0,0,0,1
1455,1,0,0,0,0,0
1456,0,0,0,0,0,1
1457,1,0,0,0,0,0
1458,0,0,0,0,1,0
1459,0,0,0,0,0,1
1460,1,0,0,0,0,0
1461,0,1,0,0,0,0
1462,0,0,0,0,1,0
1463,0,0,0,0,0,1
1464,0,0,0,0,0,1
1465,0,0,1,0,0,0
1466,0,0,0,0,0,1
1467,1,0,0,0,0,0
1468,1,0,0,0,0,0
1469,0,0,0,0,0,1
1470,0,0,0,0,0,1
1471,0,0,1,0,0,0
1472,0,0,1,0,0,0
1473,0,1,0,0,0,0
1474,1,0,0,0,0,0
1475,0,0,0,0,0,1
1476,0,1,0,0,0,0
1477,0,0,0,0,1,0
1478,0,0,0,0,1,0
1479,0,0,0,0,1,0
1480,1,0,0,0,0,0
1481,0,1,0,0,0,0
1482,0,0,0,0,0,1
1483,1,0,0,0,0,0
1484,1,0,0,0,0,0
1485,0,0,0,0,0,1
1486,0,0,0,1,0,0
1487,0,0,0,0,1,0
1488,0,0,1,0,0,0
1489,1,0,0,0,0,0
1490,0,0,0,0,0,1
1491,0,0,0,0,0,1
1492,0,0,0,0,0,1
1493,1,0,0,0,0,0
1494,0,0,0,0,1,0
1495,0,0,1,0,0,0
1496,1,0,0,0,0,0
1497,0,0,0,0,1,0
1498,0,0,1,0,0,0
1499,0,0,0,0,0,1
1500,1,0,0,0,0,0
1501,1,0,0,0,0,0
1502,0,0,0,0,0,1
1503,1,0,0,0,0,0
1504,0,0,0,0,0,1
1505,0,0,1,0,0,0
1506,0,0,1,0,0,0
1507,1,0,0,0,0,0
1508,1,0,0,0,0,0
1509,0,0,0,0,0,1
1510,0,0,0,0,0,1
1511,0,0,0,0,0,1
1512,0,1,0,0,0,0
1513,0,0,0,0,1,0
1514,1,0,0,0,0,0
1515,0,0,0,0,0,1
1516,1,0,0,0,0,0
1517,0,0,0,0,0,1
1518,0,0,0,0,1,0
1519,0,0,0,0,1,0
1520,1,0,0,0,0,0
1521,0,0,1,0,0,0
1522,0,0,0,0,0,1
1523,1,0,0,0,0,0
1524,1,0,0,0,0,0
1525,0,0,1,0,0,0
1526,1,0,0,0,0,0
1527,0,0,0,0,1,0
1528,1,0,0,0,0,0
1529,1,0,0,0,0,0
1530,0,1,0,0,0,0
1531,0,0,1,0,0,0
1532,0,0,1,0,0,0
1533,0,0,0,0,1,0
1534,1,0,0,0,0,0
1535,1,0,0,0,0,0
1536,0,0,0,0,0,1
1537,0,1,0,0,0,0
1538,1,0,0,0,0,0
1539,0,0,0,0,1,0
1540,0,0,0,0,0,1
1541,1,0,0,0,0,0
1542,0,0,0,0,0,1
1543,1,0,0,0,0,0
1544,1,0,0,0,0,0
1545,0,0,1,0,0,0
1546,1,0,0,0,0,0
1547,1,0,0,0,0,0
1548,0,0,0,0,0,1
1549,1,0,0,0,0,0
1550,1,0,0,0,0,0
1551,1,0,0,0,0,0
1552,1,0,0,0,0,0
1553,0,0,0,0,1,0
1554,1,0,0,0,0,0
1555,1,0,0,0,0,0
1556,1,0,0,0,0,0
1557,0,0,0,0,1,0
1558,0,0,1,0,0,0
1559,0,0,1,0,0,0
1560,1,0,0,0,0,0
1561,0,0,0,0,0,1
1562,1,0,0,0,0,0
1563,0,1,0,0,0,0
1564,0,0,0,0,1,0
1565,1,0,0,0,0,0
1566,0,0,0,0,1,0
1567,0,0,0,0,0,1
1568,0,0,0,0,1,0
1569,1,0,0,0,0,0
1570,0,0,0,0,0,1
1571,0,0,0,0,0,1
1572,1,0,0,0,0,0
1573,0,0,0,0,0,1
1574,0,0,0,0,1,0
1575,1,0,0,0,0,0
1576,1,0,0,0,0,0
1577,0,0,0,0,1,0
1578,1,0,0,0,0,0
1579,0,0,0,0,0,1
1580,0,0,0,0,0,1
1581,0,0,0,0,0,1
1582,0,0,0,0,1,0
1583,0,0,0,0,0,1
1584,1,0,0,0,0,0
1585,0,0,0,0,0,1
1586,1,0,0,0,0,0
1587,1,0,0,0,0,0
1588,1,0,0,0,0,0
1589,1,0,0,0,0,0
1590,1,0,0,0,0,0
1591,0,0,0,0,1,0
1592,0,0,0,1,0,0
1593,1,0,0,0,0,0
1594,0,0,0,0,0,1
1595,1,0,0,0,0,0
1596,1,0,0,0,0,0
1597,0,0,0,0,1,0
1598,0,0,0,0,1,0
1599,0,0,0,0,0,1
1600,0,0,0,0,0,1
1601,1,0,0,0,0,0
1602,1,0,0,0,0,0
1603,1,0,0,0,0,0
1604,0,0,0,0,1,0
1605,1,0,0,0,0,0
1606,0,0,0,0,0,1
1607,0,0,0,0,0,1
1608,0,0,0,0,1,0
1609,1,0,0,0,0,0
1610,1,0,0,0,0,0
1611,1,0,0,0,0,0
1612,1,0,0,0,0,0
1613,0,0,0,0,0,1
1614,0,0,0,1,0,0
1615,0,0,0,0,0,1
1616,1,0,0,0,0,0
1617,0,0,0,1,0,0
1618,1,0,0,0,0,0
1619,1,0,0,0,0,0
1620,0,0,0,0,1,0
1621,0,0,0,0,0,1
1622,1,0,0,0,0,0
1623,1,0,0,0,0,0
1624,0,0,1,0,0,0
1625,0,0,0,0,1,0
1626,1,0,0,0,0,0
1627,1,0,0,0,0,0
1628,1,0,0,0,0,0
1629,1,0,0,0,0,0
1630,0,1,0,0,0,0
1631,0,0,0,0,1,0
1632,1,0,0,0,0,0
1633,0,0,0,0,1,0
1634,0,0,0,0,1,0
1635,0,0,0,0,0,1
1636,0,0,0,0,0,1
1637,0,0,0,0,0,1
1638,0,0,0,0,0,1
1639,1,0,0,0,0,0
1640,1,0,0,0,0,0
1641,0,0,0,0,1,0
1642,1,0,0,0,0,0
1643,0,0,0,0,0,1
1644,0,0,0,0,1,0
1645,0,1,0,0,0,0
1646,1,0,0,0,0,0
1647,0,0,0,0,0,1
1648,1,0,0,0,0,0
1649,0,0,0,0,0,1
1650,0,0,0,0,1,0
1651,0,1,0,0,0,0
1652,0,0,0,0,0,1
1653,0,0,0,0,1,0
1654,0,0,0,0,1,0
1655,0,0,0,0,1,0
1656,0,0,0,0,0,1
1657,1,0,0,0,0,0
1658,1,0,0,0,0,0
1659,1,0,0,0,0,0
1660,0,0,0,0,0,1
1661,1,0,0,0,0,0
1662,1,0,0,0,0,0
1663,0,0,0,0,0,1
1664,0,1,0,0,0,0
1665,0,0,0,0,1,0
1666,1,0,0,0,0,0
1667,0,0,1,0,0,0
1668,0,0,0,0,1,0
1669,0,0,0,1,0,0
1670,1,0,0,0,0,0
1671,1,0,0,0,0,0
1672,1,0,0,0,0,0
1673,0,0,0,0,1,0
1674,0,0,0,0,1,0
1675,0,0,1,0,0,0
1676,0,0,0,1,0,0
1677,0,0,0,0,0,1
1678,0,1,0,0,0,0
1679,1,0,0,0,0,0
1680,1,0,0,0,0,0
1681,1,0,0,0,0,0
1682,1,0,0,0,0,0
1683,1,0,0,0,0,0
1684,1,0,0,0,0,0
1685,0,0,0,0,0,1
1686,0,0,1,0,0,0
1687,1,0,0,0,0,0
1688,1,0,0,0,0,0
1689,0,0,0,0,0,1
1690,1,0,0,0,0,0
1691,1,0,0,0,0,0
1692,1,0,0,0,0,0
1693,0,0,0,0,0,1
1694,0,0,0,0,0,1
1695,1,0,0,0,0,0
1696,1,0,0,0,0,0
1697,1,0,0,0,0,0
1698,1,0,0,0,0,0
1699,1,0,0,0,0,0
1700,0,0,0,0,1,0
1701,1,0,0,0,0,0
1702,0,0,0,0,1,0
1703,0,0,0,0,1,0
1704,0,0,0,0,1,0
1705,0,0,0,0,0,1
1706,1,0,0,0,0,0
1707,1,0,0,0,0,0
1708,1,0,0,0,0,0
1709,1,0,0,0,0,0
1710,0,0,0,0,0,1
1711,1,0,0,0,0,0
1712,0,0,0,1,0,0
1713,0,0,0,0,1,0
1714,0,0,0,0,0,1
1715,1,0,0,0,0,0
1716,0,0,0,0,0,1
1717,0,0,0,0,0,1
1718,0,0,0,0,1,0
1719,0,0,0,0,0,1
1720,0,1,0,0,0,0
1721,0,0,0,0,0,1
1722,0,0,1,0,0,0
1723,1,0,0,0,0,0
1724,0,0,1,0,0,0
1725,1,0,0,0,0,0
1726,0,0,0,0,0,1
1727,0,0,0,0,1,0
1728,0,0,0,0,0,1
1729,1,0,0,0,0,0
1730,1,0,0,0,0,0
1731,0,0,0,0,0,1
1732,0,0,1,0,0,0
1733,0,0,1,0,0,0
1734,1,0,0,0,0,0
1735,0,1,0,0,0,0
1736,0,0,0,0,0,1
1737,1,0,0,0,0,0
1738,0,0,0,0,0,1
1739,0,0,1,0,0,0
1740,0,0,0,0,0,1
1741,1,0,0,0,0,0
1742,0,0,0,0,1,0
1743,0,0,0,0,0,1
1744,0,0,1,0,0,0
1745,0,0,0,1,0,0
1746,0,0,0,0,0,1
1747,0,1,0,0,0,0
1748,1,0,0,0,0,0
1749,0,0,0,1,0,0
1750,0,0,1,0,0,0
1751,0,0,0,0,1,0
1752,0,0,0,0,0,1
1753,0,0,0,0,0,1
1754,1,0,0,0,0,0
1755,1,0,0,0,0,0
1756,0,0,0,0,0,1
1757,1,0,0,0,0,0
1758,1,0,0,0,0,0
1759,0,0,0,0,0,1
1760,0,0,0,0,0,1
1761,0,0,0,0,1,0
1762,1,0,0,0,0,0
1763,0,0,0,0,0,1
1764,1,0,0,0,0,0
1765,1,0,0,0,0,0
1766,0,0,1,0,0,0
1767,1,0,0,0,0,0
1768,1,0,0,0,0,0
1769,0,0,1,0,0,0
1770,0,0,0,0,0,1
1771,0,0,0,0,1,0
1772,0,0,0,0,0,1
1773,0,0,1,0,0,0
1774,1,0,0,0,0,0
1775,0,1,0,0,0,0
1776,1,0,0,0,0,0
1777,0,0,0,0,1,0
1778,0,0,0,0,1,0
1779,0,0,0,0,1,0
1780,1,0,0,0,0,0
1781,1,0,0,0,0,0
1782,0,0,0,0,0,1
1783,0,0,0,0,0,1
1784,0,0,0,0,1,0
1785,1,0,0,0,0,0
1786,0,0,0,0,1,0
1787,1,0,0,0,0,0
1788,1,0,0,0,0,0
1789,1,0,0,0,0,0
1790,0,0,1,0,0,0
1791,0,0,1,0,0,0
1792,1,0,0,0,0,0
1793,1,0,0,0,0,0
1794,0,1,0,0,0,0
1795,0,1,0,0,0,0
1796,0,0,0,0,1,0
1797,0,0,0,0,0,1
1798,1,0,0,0,0,0
1799,0,0,1,0,0,0
1800,1,0,0,0,0,0
1801,0,0,0,0,0,1
1802,0,0,0,0,0,1
1803,1,0,0,0,0,0
1804,1,0,0,0,0,0
1805,1,0,0,0,0,0
1806,0,0,0,0,1,0
1807,0,0,0,0,1,0
1808,0,0,1,0,0,0
1809,1,0,0,0,0,0
1810,1,0,0,0,0,0
1811,1,0,0,0,0,0
1812,0,0,0,0,1,0
1813,1,0,0,0,0,0
1814,0,1,0,0,0,0
1815,0,0,1,0,0,0
1816,1,0,0,0,0,0
1817,1,0,0,0,0,0
1818,0,0,0,0,1,0
1819,0,1,0,0,0,0
1820,1,0,0,0,0,0
1821,0,0,0,0,1,0
1822,0,0,0,0,0,1
1823,0,0,0,1,0,0
1824,0,0,0,0,0,1
1825,1,0,0,0,0,0
1826,0,0,0,0,0,1
1827,0,0,0,0,0,1
1828,1,0,0,0,0,0
1829,0,0,0,0,0,1
1830,0,0,0,0,0,1
1831,0,0,0,0,0,1
1832,1,0,0,0,0,0
1833,1,0,0,0,0,0
1834,0,0,0,0,0,1
1835,1,0,0,0,0,0
1836,0,0,1,0,0,0
1837,0,0,0,0,1,0
1838,0,0,1,0,0,0
1839,1,0,0,0,0,0
1840,1,0,0,0,0,0
1841,0,0,0,0,1,0
1842,0,0,1,0,0,0
1843,0,0,1,0,0,0
1844,1,0,0,0,0,0
1845,1,0,0,0,0,0
1846,0,0,1,0,0,0
1847,0,0,0,0,0,1
1848,1,0,0,0,0,0
1849,0,0,0,0,0,1
1850,1,0,0,0,0,0
1851,0,0,0,1,0,0
1852,1,0,0,0,0,0
1853,1,0,0,0,0,0
1854,1,0,0,0,0,0
1855,0,0,0,0,1,0
1856,0,0,0,0,1,0
1857,1,0,0,0,0,0
1858,1,0,0,0,0,0
1859,1,0,0,0,0,0
1860,0,0,0,0,0,1
1861,1,0,0,0,0,0
1862,0,0,0,0,0,1
1863,1,0,0,0,0,0
1864,0,0,0,0,0,1
1865,1,0,0,0,0,0
1866,0,0,1,0,0,0
1867,1,0,0,0,0,0
1868,0,0,0,0,0,1
1869,0,0,0,0,1,0
1870,0,0,1,0,0,0
1871,0,0,0,0,0,1
1872,1,0,0,0,0,0
1873,1,0,0,0,0,0
1874,0,1,0,0,0,0
1875,1,0,0,0,0,0
1876,0,0,0,0,1,0
1877,0,1,0,0,0,0
1878,0,0,0,0,1,0
1879,0,0,0,1,0,0
1880,0,0,0,1,0,0
1881,0,0,1,0,0,0
1882,1,0,0,0,0,0
1883,1,0,0,0,0,0
1884,1,0,0,0,0,0
1885,0,0,0,0,0,1
1886,0,0,0,0,1,0
1887,0,0,0,0,0,1
1888,1,0,0,0,0,0
1889,0,0,1,0,0,0
1890,0,0,0,0,0,1
1891,0,0,0,0,0,1
1892,1,0,0,0,0,0
1893,1,0,0,0,0,0
1894,0,0,1,0,0,0
1895,0,0,0,0,0,1
1896,1,0,0,0,0,0
1897,0,0,0,0,1,0
1898,1,0,0,0,0,0
1899,1,0,0,0,0,0
1900,0,0,0,0,1,0
1901,0,0,1,0,0,0
1902,0,1,0,0,0,0
1903,1,0,0,0,0,0
1904,0,0,0,0,0,1
1905,0,0,0,0,0,1
1906,1,0,0,0,0,0
1907,1,0,0,0,0,0
1908,1,0,0,0,0,0
1909,0,0,0,0,0,1
1910,1,0,0,0,0,0
1911,0,0,0,0,0,1
1912,0,0,0,0,1,0
1913,1,0,0,0,0,0
1914,0,0,1,0,0,0
1915,0,0,0,1,0,0
1916,0,0,0,0,0,1
1917,1,0,0,0,0,0
1918,1,0,0,0,0,0
1919,0,0,0,0,1,0
1920,0,0,0,0,1,0
1921,0,0,0,0,1,0
1922,1,0,0,0,0,0
1923,1,0,0,0,0,0
1924,0,0,0,0,0,1
1925,0,0,0,0,1,0
1926,0,0,0,0,1,0
1927,0,0,0,0,1,0
1928,1,0,0,0,0,0
1929,1,0,0,0,0,0
1930,0,0,0,0,1,0
1931,1,0,0,0,0,0
1932,1,0,0,0,0,0
1933,0,0,1,0,0,0
1934,0,0,0,0,0,1
1935,1,0,0,0,0,0
1936,0,0,1,0,0,0
1937,1,0,0,0,0,0
1938,1,0,0,0,0,0
1939,0,0,0,0,1,0
1940,1,0,0,0,0,0
1941,0,0,0,0,1,0
1942,0,0,0,0,1,0
1943,1,0,0,0,0,0
1944,0,0,0,0,0,1
1945,0,0,1,0,0,0
1946,1,0,0,0,0,0
1947,0,1,0,0,0,0
1948,1,0,0,0,0,0
1949,0,0,1,0,0,0
1950,0,0,0,0,1,0
1951,1,0,0,0,0,0
1952,0,0,0,0,1,0
1953,0,0,0,0,0,1
1954,0,0,1,0,0,0
1955,0,0,0,0,1,0
1956,0,0,1,0,0,0
1957,0,0,0,0,0,1
1958,0,0,1,0,0,0
1959,1,0,0,0,0,0
1960,1,0,0,0,0,0
1961,0,0,0,0,1,0
1962,0,0,0,0,0,1
1963,1,0,0,0,0,0
1964,0,0,0,0,1,0
1965,0,0,0,0,1,0
1966,0,0,0,0,0,1
1967,0,0,0,0,1,0
1968,0,0,0,0,1,0
1969,1,0,0,0,0,0
1970,1,0,0,0,0,0
1971,1,0,0,0,0,0
1972,0,0,1,0,0,0
1973,0,0,0,0,0,1
1974,0,0,0,0,0,1
1975,0,0,0,1,0,0
1976,1,0,0,0,0,0
1977,0,0,0,0,0,1
1978,0,0,0,0,0,1
1979,0,0,0,0,0,1
1980,0,0,0,0,0,1
1981,0,0,0,0,0,1
1982,1,0,0,0,0,0
1983,1,0,0,0,0,0
1984,0,0,0,0,1,0
1985,0,0,0,0,1,0
1986,0,0,0,0,1,0
1987,0,0,0,0,1,0
1988,0,0,1,0,0,0
1989,1,0,0,0,0,0
1990,0,0,0,1,0,0
1991,1,0,0,0,0,0
1992,1,0,0,0,0,0
1993,0,0,0,0,1,0
1994,0,0,0,0,1,0
1995,1,0,0,0,0,0
1996,1,0,0,0,0,0
1997,0,0,1,0,0,0
1998,0,1,0,0,0,0
1999,0,0,0,0,0,1
